_id,store,price,Date_first_listed_on_Amazon,item_link,reviews_link,reviews,store_link,item_name,img_src,Rank,Read reviews that mention,star
5c6e5d7140bf07349439cc40,Avidlove,$4.99 - $16.49,2017/5/25,https://www.amazon.com/Avidlove-Lingerie-Babydoll-Sleepwear-Chemise/dp/B0712188H2/ref=zg_bs_1044968_1/144-6696593-3661307?_encoding=UTF8&refRID=H21JD8PXKTADAS8RHC4F,https://www.amazon.com/Avidlove-Lingerie-Babydoll-Sleepwear-Chemise/product-reviews/B0712188H2/ref=cm_cr_dp_d_show_all_btm?ie=UTF8&reviewerType=all_reviews,713 ,https://www.amazon.com/Avidlove/b/ref=w_bl_sl_ap_ap_web_11371148011?ie=UTF8&node=11371148011&field-lbr_brands_browse-bin=Avidlove,Avidlove Women Lingerie Lace Babydoll V Neck Sleepwear Strap Chemise,"https://images-na.ssl-images-amazon.com/images/I/81Z93JlX0EL._AC_UL200_SR200,200_.jpg",1,"['fits perfectly', 'good quality', 'fits well', 'super soft', 'different colors', 'looks great', 'highly recommend', 'fits perfect', 'definitely recommend', 'happy with my purchase', 'absolutely love', 'material is soft', 'fits great', 'like the picture', 'cute and sexy', 'ordered a medium', 'true to size', 'ordered a large', 'soft and comfortable', 'size small']",4.5 
5c6e5d7440bf07349439cc41,Avidlove,$3.45 - $15.55,2017/11/24,https://www.amazon.com/Avidlove-Women-Lingerie-Babydoll-Bodysuit/dp/B077CLFWVN/ref=zg_bs_1044968_2/144-6696593-3661307?_encoding=UTF8&refRID=H21JD8PXKTADAS8RHC4F,https://www.amazon.com/Avidlove-Women-Lingerie-Babydoll-Bodysuit/product-reviews/B077CLFWVN/ref=cm_cr_dp_d_show_all_btm?ie=UTF8&reviewerType=all_reviews,469 ,https://www.amazon.com/Avidlove/b/ref=w_bl_sl_ap_ap_web_11371148011?ie=UTF8&node=11371148011&field-lbr_brands_browse-bin=Avidlove,Avidlove Women Teddy Lingerie One Piece Babydoll Mini Bodysuit,"https://images-na.ssl-images-amazon.com/images/I/81fmMqR1KTL._AC_UL200_SR200,200_.jpg",2,"['adjustable straps', 'true to size', 'super cute', 'ordered a small', 'good quality', 'fits perfectly', 'love love love', 'boudoir shoot', 'like a glove', 'definitely recommend', 'absolutely love', 'straps are adjustable', 'right places', 'great buy', 'fits great', 'ordered a large', 'long torso', 'bra underneath', 'super sexy', 'great quality']",4.5 
5c6e5d7740bf07349439cc42,Avidlove,$2.59 - $16.29,2017/3/7,https://www.amazon.com/Avidlove-Lingerie-Nightwear-Sleepwear-Chemise/dp/B06XG9KH6Q/ref=zg_bs_1044968_3/144-6696593-3661307?_encoding=UTF8&refRID=H21JD8PXKTADAS8RHC4F,,,https://www.amazon.com/Avidlove/b/ref=w_bl_sl_ap_ap_web_11371148011?ie=UTF8&node=11371148011&field-lbr_brands_browse-bin=Avidlove,Avidlove Women Lingerie V Neck Nightwear Satin Sleepwear Lace Chemise Mini Teddy,"https://images-na.ssl-images-amazon.com/images/I/81%2B44mdtUTL._AC_UL200_SR200,200_.jpg",3,,
5c6e5d7b40bf07349439cc43,EVELUST,$9.90 - $12.99,2017/9/4,https://www.amazon.com/EVELUST-Plunging-Comfortable-Scalloped-Lingerie/dp/B075CYPPQ1/ref=zg_bs_1044968_4/144-6696593-3661307?_encoding=UTF8&refRID=H21JD8PXKTADAS8RHC4F,https://www.amazon.com/EVELUST-Plunging-Comfortable-Scalloped-Lingerie/product-reviews/B075CYPPQ1/ref=cm_cr_dp_d_show_all_btm?ie=UTF8&reviewerType=all_reviews,511 ,https://www.amazon.com/s/ref=w_bl_sl_s_ap_web_7141123011?ie=UTF8&node=7141123011&field-brandtextbin=EVELUST,"EVELUST Womens Open Back Halter Plunging Teddy,Comfortable Scalloped Trim Lace Lingerie","https://images-na.ssl-images-amazon.com/images/I/71BHGu4Vm-L._AC_UL200_SR200,200_.jpg",4,"['ordered a medium', 'super cute', 'crotch area', 'fits great', 'around the neck', 'lbs and i ordered', 'highly recommend', 'long torso', 'camel toe', 'self conscious', 'fits well', 'valentines day', 'behind your neck', 'ordered a large', 'soft and comfortable', 'lace is soft', 'like the picture', 'pleasantly surprised', 'true to size', 'looks great']",4.1 
5c6e5d7e40bf07349439cc44,ADOREJOY,$11.99 - $13.99,2018/8/24,https://www.amazon.com/Lingerie-Closure-Babydoll-Chemise-Sleepwear/dp/B07GSWKDVT/ref=zg_bs_1044968_5/144-6696593-3661307?_encoding=UTF8&refRID=H21JD8PXKTADAS8RHC4F,https://www.amazon.com/Lingerie-Closure-Babydoll-Chemise-Sleepwear/product-reviews/B07GSWKDVT/ref=cm_cr_dp_d_show_all_btm?ie=UTF8&reviewerType=all_reviews,106 ,https://www.amazon.com/ADOREJOY/b/ref=w_bl_sl_ap_ap_web_14567596011?ie=UTF8&node=14567596011&field-lbr_brands_browse-bin=ADOREJOY,Lingerie for Women Front Closure Babydoll Lace Chemise V Neck Mesh Sleepwear,"https://images-na.ssl-images-amazon.com/images/I/612Svqr2OqL._AC_UL200_SR200,200_.jpg",5,,4.1 
5c6e5d8140bf07349439cc45,Avidlove,$1.99 - $10.99,2016/3/8,https://www.amazon.com/Avidlove-Women-Lingerie-Babydoll-Bodysuit/dp/B01COY8R18/ref=zg_bs_1044968_6/144-6696593-3661307?_encoding=UTF8&refRID=H21JD8PXKTADAS8RHC4F,https://www.amazon.com/Avidlove-Women-Lingerie-Babydoll-Bodysuit/product-reviews/B01COY8R18/ref=cm_cr_dp_d_show_all_btm?ie=UTF8&reviewerType=all_reviews,1460 ,https://www.amazon.com/Avidlove/b/ref=w_bl_sl_ap_ap_web_11371148011?ie=UTF8&node=11371148011&field-lbr_brands_browse-bin=Avidlove,Avidlove Women Deep V Lingerie Lace Babydoll Mini Bodysuit,"https://images-na.ssl-images-amazon.com/images/I/71R4hgsythL._AC_UL200_SR200,200_.jpg",6,"['super sexy', 'good quality', 'fits perfectly', 'ordered a medium', 'looks great', 'fit perfect', 'piece of lingerie', 'around the neck', 'short torso', 'looks exactly', 'cheaply made', 'like the picture', 'usually wear', 'true to size', 'chest area', 'exactly like', 'longer torso', 'everywhere else', 'bit small', 'runs small']",3.9 
5c6e5d8440bf07349439cc46,Ababoon,$2.99 - $17.99,2017/11/27,https://www.amazon.com/Ababoon-Sleepwear-Chemises-Babydoll-Nightgown/dp/B077S233TZ/ref=zg_bs_1044968_7/144-6696593-3661307?_encoding=UTF8&refRID=H21JD8PXKTADAS8RHC4F,https://www.amazon.com/Ababoon-Sleepwear-Chemises-Babydoll-Nightgown/product-reviews/B077S233TZ/ref=cm_cr_dp_d_show_all_btm?ie=UTF8&reviewerType=all_reviews,266 ,https://www.amazon.com/Ababoon/b/ref=w_bl_sl_ap_ap_web_17916310011?ie=UTF8&node=17916310011&field-lbr_brands_browse-bin=Ababoon,Ababoon Women Lace Modal Sleepwear Chemises V-Neck Full Slip Babydoll Nightgown,"https://images-na.ssl-images-amazon.com/images/I/71hTwNp0lOL._AC_UL200_SR200,200_.jpg",7,,4.4 
5c6e5d8640bf07349439cc47,Avidlove,$3.99 - $18.99,2017/8/23,https://www.amazon.com/Avidlove-Womens-Babydoll-Lingerie-Nightgown/dp/B0752BH89V/ref=zg_bs_1044968_8/144-6696593-3661307?_encoding=UTF8&refRID=H21JD8PXKTADAS8RHC4F,https://www.amazon.com/Avidlove-Womens-Babydoll-Lingerie-Nightgown/product-reviews/B0752BH89V/ref=cm_cr_dp_d_show_all_btm?ie=UTF8&reviewerType=all_reviews,579 ,https://www.amazon.com/Avidlove/b/ref=w_bl_sl_ap_ap_web_11371148011?ie=UTF8&node=11371148011&field-lbr_brands_browse-bin=Avidlove,Avidlove Women's Lace Kimono Robe Babydoll Lingerie Mesh Nightgown,"https://images-na.ssl-images-amazon.com/images/I/81hxsvzLRUL._AC_UL200_SR200,200_.jpg",8,"['true to size', 'cheaply made', 'looks amazing', 'love love love', 'good quality', 'valentine day', 'fits perfectly', 'smaller size', 'wedding night', 'ordered a xxl', 'looks like', 'material is soft', 'little big', 'soft lace', 'super sexy', 'smaller than expected', 'love this robe', 'bachelorette party', 'poor quality', 'make sure']",4.3 
5c6e5d8a40bf07349439cc48,ADOME,$7.99 - $14.55,2017/8/28,https://www.amazon.com/ADOME-Lingerie-Halter-Babydoll-Bodysuit/dp/B0756FW36S/ref=zg_bs_1044968_9/144-6696593-3661307?_encoding=UTF8&refRID=H21JD8PXKTADAS8RHC4F,https://www.amazon.com/ADOME-Lingerie-Halter-Babydoll-Bodysuit/product-reviews/B0756FW36S/ref=cm_cr_dp_d_show_all_btm?ie=UTF8&reviewerType=all_reviews,145 ,https://www.amazon.com/s/ref=w_bl_sl_s_ap_web_7141123011?ie=UTF8&node=7141123011&field-brandtextbin=ADOME,ADOME Women Lingerie Teddy Deep V Halter One Piece Babydoll Mini Lace Bodysuit,"https://images-na.ssl-images-amazon.com/images/I/71-4LhuT7EL._AC_UL200_SR200,200_.jpg",9,"['fits well', 'fits perfectly', 'super sexy', 'medium fits', 'feel so sexy', 'ordered size', 'lingerie', 'lbs', 'body', 'lace', 'bottom', 'fabric', 'red', 'pounds', 'returned', 'runs', 'usually', 'adome', 'bra', 'cheaply']",4.3 
5c6e5d8d40bf07349439cc49,Ababoon,$1.99 - $15.59,2017/7/24,https://www.amazon.com/Ababoon-Babydoll-Lingerie-Backless-Sleepwear/dp/B0746R3ZS3/ref=zg_bs_1044968_10/144-6696593-3661307?_encoding=UTF8&refRID=H21JD8PXKTADAS8RHC4F,https://www.amazon.com/Ababoon-Babydoll-Lingerie-Backless-Sleepwear/product-reviews/B0746R3ZS3/ref=cm_cr_dp_d_show_all_btm?ie=UTF8&reviewerType=all_reviews,289 ,https://www.amazon.com/Ababoon/b/ref=w_bl_sl_ap_ap_web_17916310011?ie=UTF8&node=17916310011&field-lbr_brands_browse-bin=Ababoon,Ababoon Women Babydoll Lingerie Sheer Lace Chemise Halter Backless Sleepwear,"https://images-na.ssl-images-amazon.com/images/I/813pr-GCkfL._AC_UL200_SR200,200_.jpg",10,"['true to size', 'fits perfect', 'straps are adjustable', 'highly recommend', 'fit well', 'victoria secret', 'fits great', 'super cute', 'great quality', 'super soft', 'open back', 'ordered a large', 'wear a size', 'cheaply made', 'looks great', 'size medium', 'great price', 'little big', 'small but the top', 'soft and comfortable']",4.3 
5c6e5d9040bf07349439cc4a,LOMON,$16.68 - $17.98,2018/9/26,https://www.amazon.com/Lingerie-Women-Dress-Through-Kimono/dp/B07HQGFHYH/ref=zg_bs_1044968_11/144-6696593-3661307?_encoding=UTF8&refRID=H21JD8PXKTADAS8RHC4F,https://www.amazon.com/Lingerie-Women-Dress-Through-Kimono/product-reviews/B07HQGFHYH/ref=cm_cr_dp_d_show_all_btm?ie=UTF8&reviewerType=all_reviews,206 ,https://www.amazon.com/LOMON/b/ref=w_bl_sl_ap_ap_web_12091886011?ie=UTF8&node=12091886011&field-lbr_brands_browse-bin=LOMON,Lingerie for Women Sexy Long Lace Dress Sheer Gown See Through Kimono Robe,"https://images-na.ssl-images-amazon.com/images/I/81PLpW8gnuL._AC_UL200_SR200,200_.jpg",11,,4.3 
5c6e5d9340bf07349439cc4b,Avidlove,$1.99 - $15.49,2016/9/23,https://www.amazon.com/Avidlove-Babydoll-Chemise-Sleepwear-Lingerie/dp/B01M0W0TPH/ref=zg_bs_1044968_12/144-6696593-3661307?_encoding=UTF8&refRID=H21JD8PXKTADAS8RHC4F,https://www.amazon.com/Avidlove-Lingerie-Babydoll-Chemise-Sleepwear/product-reviews/B01M0W0TPH/ref=cm_cr_dp_d_show_all_btm?ie=UTF8&reviewerType=all_reviews,795 ,https://www.amazon.com/Avidlove/b/ref=w_bl_sl_ap_ap_web_11371148011?ie=UTF8&node=11371148011&field-lbr_brands_browse-bin=Avidlove,Avidlove Women Lingerie Lace Babydoll Strap Chemise Halter Teddy V Neck Sleepwear,"https://images-na.ssl-images-amazon.com/images/I/71cRBfgMRuL._AC_UL200_SR200,200_.jpg",12,"['fits perfectly', 'true to size', 'super cute', 'victoria secret', 'normally wear', 'adjustable straps', 'good quality', 'looks great', 'fits perfect', 'pleasantly surprised', 'material is very soft', 'little big', 'soft and comfortable', 'even though', 'wear a size', 'open back', 'color is beautiful', 'ordered a medium', 'great price', 'fit nicely']",4.4 
5c6e5d9640bf07349439cc4c,Avidlove,$4.89 - $15.99,2016/5/10,https://www.amazon.com/Avidlove-Nightwear-Babydoll-Chemise-Lingerie/dp/B01FFXLO88/ref=zg_bs_1044968_13/144-6696593-3661307?_encoding=UTF8&refRID=H21JD8PXKTADAS8RHC4F,https://www.amazon.com/Avidlove-Nightwear-Babydoll-Chemise-Lingerie/product-reviews/B01FFXLO88/ref=cm_cr_dp_d_show_all_btm?ie=UTF8&reviewerType=all_reviews,1070 ,https://www.amazon.com/Avidlove/b/ref=w_bl_sl_ap_ap_web_11371148011?ie=UTF8&node=11371148011&field-lbr_brands_browse-bin=Avidlove,Avidlove Women Nightwear Lace Babydoll Strap Chemise Halter Lingerie,"https://images-na.ssl-images-amazon.com/images/I/91iQ-wJkM4L._AC_UL200_SR200,200_.jpg",13,"['super cute', 'feel sexy', 'ordered a large', 'fits great', 'fits perfectly', 'fit perfect', 'valentine day', 'even though', 'love love love', 'good quality', 'makes me feel', 'fits well', 'size chart', 'material is soft', 'around the neck', 'normally wear', 'highly recommend', 'cheaply made', 'happy with my purchase', 'bra size']",4.1 
5c6e5d9940bf07349439cc4d,JuicyRose,$4.88 - $13.88,2017/9/28,https://www.amazon.com/JuicyRose-Open-Lingerie-Babydoll-Sleepwear/dp/B0761JXBML/ref=zg_bs_1044968_14/144-6696593-3661307?_encoding=UTF8&refRID=H21JD8PXKTADAS8RHC4F,https://www.amazon.com/JuicyRose-Open-Lingerie-Babydoll-Sleepwear/product-reviews/B0761JXBML/ref=cm_cr_dp_d_show_all_btm?ie=UTF8&reviewerType=all_reviews,476 ,https://www.amazon.com/JuicyRose/b/ref=w_bl_sl_ap_ap_web_15060241011?ie=UTF8&node=15060241011&field-lbr_brands_browse-bin=JuicyRose,JuicyRose Open Back Lingerie Lace Babydoll Sleepwear Plus Size,"https://images-na.ssl-images-amazon.com/images/I/61Wwiayu15L._AC_UL200_SR200,200_.jpg",14,"['breast area', 'adjustable straps', 'true to size', 'plus size', 'fits great', 'chest area', 'get what you pay', 'super cute', 'feel sexy', 'open back', 'normally wear', 'worth the price', 'little bit', 'support in the chest', 'way too small', 'well made', 'boyfriend loved', 'good quality', 'fits perfectly', 'bit better']",4.2 
5c6e5d9b40bf07349439cc4e,Aranmei,$13.99 - $19.99,2018/9/27,https://www.amazon.com/Aranmei-Bodysuit-Crotch-Lingerie-Underwear/dp/B07HR94P1P/ref=zg_bs_1044968_15/144-6696593-3661307?_encoding=UTF8&refRID=H21JD8PXKTADAS8RHC4F,https://www.amazon.com/Aranmei-Bodysuit-Crotch-Lingerie-Underwear/product-reviews/B07HR94P1P/ref=cm_cr_dp_d_show_all_btm?ie=UTF8&reviewerType=all_reviews,114 ,https://www.amazon.com/Aranmei/b/ref=w_bl_sl_ap_ap_web_18201372011?ie=UTF8&node=18201372011&field-lbr_brands_browse-bin=Aranmei,Aranmei Women Deep V Sexy Lace Bodysuit Snap Crotch Lingerie Teddy Underwear,"https://images-na.ssl-images-amazon.com/images/I/616eDGJPybL._AC_UL200_SR200,200_.jpg",15,,4.4 
5c6e5d9e40bf07349439cc4f,Aranmei,$6.99 - $13.99,2017/10/25,https://www.amazon.com/Aranmei-Lingerie-Women-Babydoll-Bodysuit/dp/B076TGSB9B/ref=zg_bs_1044968_16/144-6696593-3661307?_encoding=UTF8&refRID=H21JD8PXKTADAS8RHC4F,https://www.amazon.com/Aranmei-Lingerie-Women-Babydoll-Bodysuit/product-reviews/B076TGSB9B/ref=cm_cr_dp_d_show_all_btm?ie=UTF8&reviewerType=all_reviews,349 ,https://www.amazon.com/Aranmei/b/ref=w_bl_sl_ap_ap_web_18201372011?ie=UTF8&node=18201372011&field-lbr_brands_browse-bin=Aranmei,Aranmei Lingerie for Women Teddy One Piece Lace Babydoll Bodysuit,"https://images-na.ssl-images-amazon.com/images/I/61QlhmWalFL._AC_UL200_SR200,200_.jpg",16,,3.7 
5c6e5da340bf07349439cc50,FasiCat,$8.99 ,2016/1/12,https://www.amazon.com/FasiCat-Lingerie-Fishnet-Babydoll-Bodysuit/dp/B01AHZSZ9A/ref=zg_bs_1044968_17/144-6696593-3661307?_encoding=UTF8&refRID=H21JD8PXKTADAS8RHC4F,https://www.amazon.com/FasiCat-Lingerie-Fishnet-Babydoll-Bodysuit/product-reviews/B07KPWRPZJ/ref=cm_cr_dp_d_show_all_btm?ie=UTF8&reviewerType=all_reviews,647 ,https://www.amazon.com/FasiCat/b/ref=w_bl_sl_ap_ap_web_13256486011?ie=UTF8&node=13256486011&field-lbr_brands_browse-bin=FasiCat,FasiCat Women's Mesh Lingerie Fishnet Babydoll Mini Dress Free Size Bodysuit,"https://images-na.ssl-images-amazon.com/images/I/71RIIB3fJpL._AC_UL200_SR200,200_.jpg",17,,4.0 
5c6e5da640bf07349439cc51,AnloveKiss,$12.99 ,2018/9/1,https://www.amazon.com/AnloveKiss-Lingerie-Eyelash-Babydoll-Nightwear/dp/B07H1DRWN3/ref=zg_bs_1044968_18/144-6696593-3661307?_encoding=UTF8&refRID=H21JD8PXKTADAS8RHC4F,https://www.amazon.com/AnloveKiss-Lingerie-Eyelash-Babydoll-Nightwear/product-reviews/B07H1DRWN3/ref=cm_cr_dp_d_show_all_btm?ie=UTF8&reviewerType=all_reviews,149 ,https://www.amazon.com/s/ref=w_bl_sl_s_ap_web_7141123011?ie=UTF8&node=7141123011&field-brandtextbin=AnloveKiss,AnloveKiss Women Sexy Lingerie Black Eyelash Lace Chemise Babydoll Nightwear,"https://images-na.ssl-images-amazon.com/images/I/81sqxJUi9PL._AC_UL200_SR200,200_.jpg",18,,3.7 
5c6e5daa40bf07349439cc52,Avidlove,$2.70 - $12.49,2016/10/12,https://www.amazon.com/Avidlove-Lingerie-Women-Babydoll-Bodysuit/dp/B01MF6VCV1/ref=zg_bs_1044968_19/144-6696593-3661307?_encoding=UTF8&refRID=H21JD8PXKTADAS8RHC4F,https://www.amazon.com/Avidlove-Lingerie-Women-Babydoll-Bodysuit/product-reviews/B01MF6VCV1/ref=cm_cr_dp_d_show_all_btm?ie=UTF8&reviewerType=all_reviews,890 ,https://www.amazon.com/Avidlove/b/ref=w_bl_sl_ap_ap_web_11371148011?ie=UTF8&node=11371148011&field-lbr_brands_browse-bin=Avidlove,Avidlove Lingerie for Women Teddy One Piece Lace Babydoll Bodysuit,"https://images-na.ssl-images-amazon.com/images/I/81mRV79irSL._AC_UL200_SR200,200_.jpg",19,,3.9 
5c6e5dad40bf07349439cc53,Avidlove,$2.99 - $17.98,2017/8/10,https://www.amazon.com/Avidlove-Lingerie-Babydoll-Bodysuit-Bralette/dp/B074PRJZV6/ref=zg_bs_1044968_20/144-6696593-3661307?_encoding=UTF8&refRID=H21JD8PXKTADAS8RHC4F,https://www.amazon.com/Avidlove-Lingerie-Babydoll-Bodysuit-Bralette/product-reviews/B074PRJZV6/ref=cm_cr_dp_d_show_all_btm?ie=UTF8&reviewerType=all_reviews,140 ,https://www.amazon.com/Avidlove/b/ref=w_bl_sl_ap_ap_web_11371148011?ie=UTF8&node=11371148011&field-lbr_brands_browse-bin=Avidlove,Avidlove Women Sexy Lingerie Lace Babydoll Bodysuit Bralette Bra and Panty Set,"https://images-na.ssl-images-amazon.com/images/I/71MALIyxy8L._AC_UL200_SR200,200_.jpg",20,,4.2 
5c6e5daf40bf07349439cc54,Avidlove,$3.99 - $15.98,2017/7/11,https://www.amazon.com/Avidlove-Halter-Lingerie-Bodysuit-Babydoll/dp/B073VJC3P8/ref=zg_bs_1044968_21/144-6696593-3661307?_encoding=UTF8&refRID=H21JD8PXKTADAS8RHC4F,https://www.amazon.com/Avidlove-Halter-Lingerie-Bodysuit-Babydoll/product-reviews/B073VJC3P8/ref=cm_cr_dp_d_show_all_btm?ie=UTF8&reviewerType=all_reviews,204 ,https://www.amazon.com/Avidlove/b/ref=w_bl_sl_ap_ap_web_11371148011?ie=UTF8&node=11371148011&field-lbr_brands_browse-bin=Avidlove,Avidlove Women Deep V Halter Lingerie Teddy One Piece Bodysuit Lace Babydoll,"https://images-na.ssl-images-amazon.com/images/I/71xLHqPN0LL._AC_UL200_SR200,200_.jpg",21,,4.3 
5c6e5db240bf07349439cc55,LingerLove,$3.99 - $15.99,2018/4/26,https://www.amazon.com/LingerLove-Regular-Shoulder-Bodysuit-Lingerie/dp/B07CNT9HT7/ref=zg_bs_1044968_22/144-6696593-3661307?_encoding=UTF8&refRID=H21JD8PXKTADAS8RHC4F,https://www.amazon.com/LingerLove-Regular-Shoulder-Bodysuit-Lingerie/product-reviews/B07CNT9HT7/ref=cm_cr_dp_d_show_all_btm?ie=UTF8&reviewerType=all_reviews,180 ,https://www.amazon.com/s/ref=w_bl_sl_s_ap_web_7141123011?ie=UTF8&node=7141123011&field-brandtextbin=LingerLove,LingerLove Womens Regular and Plus Size Chemise Floral Lace Off Shoulder See Through Bodysuit Sexy Lingerie,"https://images-na.ssl-images-amazon.com/images/I/71ij0wAR6dL._AC_UL200_SR200,200_.jpg",22,,4.5 
5c6e5db540bf07349439cc56,klier,$3.99 - $15.99,2018/5/15,https://www.amazon.com/Lingerie-Floral-Chemise-Sleepwear-G-String/dp/B07D39764G/ref=zg_bs_1044968_23/144-6696593-3661307?_encoding=UTF8&refRID=H21JD8PXKTADAS8RHC4F,https://www.amazon.com/Lingerie-Floral-Chemise-Sleepwear-G-String/product-reviews/B07D39764G/ref=cm_cr_dp_d_show_all_btm?ie=UTF8&reviewerType=all_reviews,106 ,https://www.amazon.com/klier/b/ref=w_bl_sl_ap_ap_web_18411833011?ie=UTF8&node=18411833011&field-lbr_brands_browse-bin=klier,Women Sexy Lingerie Floral Lace V Neck Halter Mesh Chemise Sleepwear Strap with G-String,"https://images-na.ssl-images-amazon.com/images/I/71AcyAToNcL._AC_UL200_SR200,200_.jpg",23,,4.5 
5c6e5db940bf07349439cc57,ADOREJOY,$10.99 - $13.99,2016/6/23,https://www.amazon.com/Womens-Babydoll-Lingerie-Plus-Size/dp/B01HGBZAHS/ref=zg_bs_1044968_24/144-6696593-3661307?_encoding=UTF8&refRID=H21JD8PXKTADAS8RHC4F,https://www.amazon.com/ADOREJOY-Womens-Babydoll-Lingerie-Plus/product-reviews/B01HGBZAHS/ref=cm_cr_dp_d_show_all_btm?ie=UTF8&reviewerType=all_reviews,1452 ,https://www.amazon.com/ADOREJOY/b/ref=w_bl_sl_ap_ap_web_14567596011?ie=UTF8&node=14567596011&field-lbr_brands_browse-bin=ADOREJOY,ADOREJOY Womens Babydoll Lingerie Set Plus Size,"https://images-na.ssl-images-amazon.com/images/I/61Qj5nVzzqL._AC_UL200_SR200,200_.jpg",24,"['good quality', 'true to size', 'material is soft', 'fits perfectly', 'highly recommend', 'plus size', 'babydoll', 'well made', 'soft material', 'normally wear', 'love love love', 'breast area', 'royal blue', 'little big', 'bridal shower', 'absolutely love', 'size chart', 'husband loved', 'cheaply made', 'pleasantly surprised']",4.2 
5c6e5dbc40bf07349439cc58,klier,$3.99 - $15.90,2018/6/7,https://www.amazon.com/Klier-Lingerie-Babydoll-Chemise-G-String/dp/B07DLY4ND4/ref=zg_bs_1044968_25/144-6696593-3661307?_encoding=UTF8&refRID=H21JD8PXKTADAS8RHC4F,https://www.amazon.com/klier-Lingerie-Babydoll-Chemise-G-String/product-reviews/B07DLY4ND4/ref=cm_cr_dp_d_show_all_btm?ie=UTF8&reviewerType=all_reviews,184 ,https://www.amazon.com/klier/b/ref=w_bl_sl_ap_ap_web_18411833011?ie=UTF8&node=18411833011&field-lbr_brands_browse-bin=klier,klier Women V Neck Floral Lace Lingerie Set Open Front Sexy Sheer Babydoll Mesh Chemise with G-String,"https://images-na.ssl-images-amazon.com/images/I/81hTsvu1tUL._AC_UL200_SR200,200_.jpg",25,"['material is soft', 'great quality', 'fit perfectly', 'fits well', 'soft and comfortable', 'little big', 'looks good', 'runs big', 'keep closed', 'true to size', 'boyfriend loved', 'bust area', 'makes me feel', 'ordered it size', 'feel so sexy', 'clasp in the front', 'fit perfect', 'piece of lingerie', 'comfortable and sexy', 'good quality']",4.2 
5c6e5dbf40bf07349439cc59,AnloveKiss,$12.88 ,2018/7/30,https://www.amazon.com/AnloveKiss-Lingerie-Deep-Backless-Perspective-Underwear/dp/B07G1CWKT9/ref=zg_bs_1044968_26/144-6696593-3661307?_encoding=UTF8&refRID=H21JD8PXKTADAS8RHC4F,https://www.amazon.com/AnloveKiss-Lingerie-Deep-Backless-Perspective-Underwear/product-reviews/B07G1CWKT9/ref=cm_cr_dp_d_show_all_btm?ie=UTF8&reviewerType=all_reviews,87 ,https://www.amazon.com/s/ref=w_bl_sl_s_ap_web_7141123011?ie=UTF8&node=7141123011&field-brandtextbin=AnloveKiss,AnloveKiss Women Sexy Lingerie-Deep V Neck Backless Halter Teddy Bodysuit Perspective Lace Babydoll Underwear,"https://images-na.ssl-images-amazon.com/images/I/710CDCSwisL._AC_UL200_SR200,200_.jpg",26,,4.3 
5c6e5dce40bf07349439cc5a,Avidlove,$2.99 - $16.55,2017/10/9,https://www.amazon.com/Avidlove-Lingerie-Nightgown-Babydoll-Sleepwear/dp/B0769XD5YC/ref=zg_bs_1044968_27/144-6696593-3661307?_encoding=UTF8&refRID=H21JD8PXKTADAS8RHC4F,https://www.amazon.com/Avidlove-Lingerie-Nightgown-Babydoll-Sleepwear/product-reviews/B0769XD5YC/ref=cm_cr_dp_d_show_all_btm?ie=UTF8&reviewerType=all_reviews,138 ,https://www.amazon.com/Avidlove/b/ref=w_bl_sl_ap_ap_web_11371148011?ie=UTF8&node=11371148011&field-lbr_brands_browse-bin=Avidlove,Avidlove Slip Lingerie Sexy Chemise Nightgown Babydoll Soft Sleepwear S-XXL,"https://images-na.ssl-images-amazon.com/images/I/71ByJLy0dTL._AC_UL200_SR200,200_.jpg",27,,4.4 
5c6e5de040bf07349439cc5b,Ruzishun,$1.99 - $11.99,2017/4/29,https://www.amazon.com/Ruzishun-Sexy-Teddy-Lingerie-Women/dp/B072HKGWZR/ref=zg_bs_1044968_28/144-6696593-3661307?_encoding=UTF8&refRID=H21JD8PXKTADAS8RHC4F,https://www.amazon.com/Ruzishun-Sexy-Teddy-Lingerie-Women/product-reviews/B072HKGWZR/ref=cm_cr_dp_d_show_all_btm?ie=UTF8&reviewerType=all_reviews,291 ,https://www.amazon.com/Ruzishun/b/ref=w_bl_sl_ap_ap_web_11451060011?ie=UTF8&node=11451060011&field-lbr_brands_browse-bin=Ruzishun,Ruzishun Sexy Lace Teddy Lingerie for Women,"https://images-na.ssl-images-amazon.com/images/I/71O5RHPSAdL._AC_UL200_SR200,200_.jpg",28,"['true to size', 'ordered a medium', 'good quality', 'hubby loves', 'normal size', 'short in the torso', 'cheaply made', 'valentines day', 'super cute', 'little big', 'soft and comfortable', 'super sexy', 'lbs and i ordered', 'bought a large', 'adjustable straps', 'red color', 'happy with purchase', 'easy to put', 'fit right', 'seems like']",3.8 
5c6e5dee40bf07349439cc5c,Goddessvan,$0.39 ,2018/1/10,https://www.amazon.com/Goddessvan-Lingeries-Babydoll-Hollow-Outfits/dp/B07B8FWT93/ref=zg_bs_1044968_29/144-6696593-3661307?_encoding=UTF8&psc=1&refRID=H21JD8PXKTADAS8RHC4F,https://www.amazon.com/Goddessvan-Lingeries-Babydoll-Hollow-Outfits/product-reviews/B07B8FWT93/ref=cm_cr_dp_d_show_all_btm?ie=UTF8&reviewerType=all_reviews,16 ,https://www.amazon.com/Goddessvan/b/ref=w_bl_sl_ap_ap_web_18114501011?ie=UTF8&node=18114501011&field-lbr_brands_browse-bin=Goddessvan,Goddessvan Women Lingeries One Piece Babydoll Hollow Out Lace Outfits,"https://images-na.ssl-images-amazon.com/images/I/61GSID84CkL._AC_UL200_SR200,200_.jpg",29,,3.9 
5c6e5df840bf07349439cc5d,Chiclover,$9.88 - $15.49,2018/11/6,https://www.amazon.com/Womens-Lingerie-Babydoll-Sleepwear-Chemise/dp/B07K83D37X/ref=zg_bs_1044968_30/144-6696593-3661307?_encoding=UTF8&refRID=H21JD8PXKTADAS8RHC4F,https://www.amazon.com/Womens-Lingerie-Babydoll-Sleepwear-Chemise/product-reviews/B07K83D37X/ref=cm_cr_dp_d_show_all_btm?ie=UTF8&reviewerType=all_reviews,24 ,https://www.amazon.com/s/ref=w_bl_sl_s_ap_web_7141123011?ie=UTF8&node=7141123011&field-brandtextbin=Chiclover,Women's Plus Size Lingerie Red Babydoll Lace Split Cup Sleepwear Chemise Set,"https://images-na.ssl-images-amazon.com/images/I/612otRrFuML._AC_UL200_SR200,200_.jpg",30,,4.1 
5c6e5e0440bf07349439cc5e,RSLOVE,$1.99 - $16.89,2017/12/20,https://www.amazon.com/RSLOVE-Lingerie-Sleepwear-Chemises-Nightgown/dp/B078JQ5Z27/ref=zg_bs_1044968_31/144-6696593-3661307?_encoding=UTF8&refRID=H21JD8PXKTADAS8RHC4F,https://www.amazon.com/Lingerie-Sleepwear-Chemises-Babydoll-Nightgown/product-reviews/B078JQ5Z27/ref=cm_cr_dp_d_show_all_btm?ie=UTF8&reviewerType=all_reviews,179 ,https://www.amazon.com/s/ref=w_bl_sl_s_ap_web_7141123011?ie=UTF8&node=7141123011&field-brandtextbin=RSLOVE,Women Lace Lingerie Sleepwear Chemises V-Neck Full Slip Babydoll Nightgown Dress,"https://images-na.ssl-images-amazon.com/images/I/71Vz3L7eRoL._AC_UL200_SR200,200_.jpg",31,"['true to size', 'super soft', 'soft and comfy', 'material is so soft', 'fits perfect', 'flattering and sexy', 'different colors', 'fits perfectly', 'love love love', 'exactly what i was looking', 'really pretty', 'super comfy', 'super cute', 'right places', 'wine red', 'small in the bust', 'made me feel', 'fit as expected', 'want to buy', 'comfy and sexy']",4.2 
5c6e5e0c40bf07349439cc5f,ARANEE,$2.90 - $16.90,2017/9/26,https://www.amazon.com/ARANEE-Lingerie-Chemise-Babydoll-Sleepwear/dp/B07GBXHH4N/ref=zg_bs_1044968_32/144-6696593-3661307?_encoding=UTF8&refRID=H21JD8PXKTADAS8RHC4F,https://www.amazon.com/ARANEE-Lingerie-Chemise-Babydoll-Sleepwear/product-reviews/B07GBXHH4N/ref=cm_cr_dp_d_show_all_btm?ie=UTF8&reviewerType=all_reviews,66 ,https://www.amazon.com/ARANEE/b/ref=w_bl_sl_ap_ap_web_14596881011?ie=UTF8&node=14596881011&field-lbr_brands_browse-bin=ARANEE,ARANEE Women Lingerie Sexy Chemise Nightie Lace Babydoll V Neck Sleepwear Slip Dress,"https://images-na.ssl-images-amazon.com/images/I/61wLDYAAuwL._AC_UL200_SR200,200_.jpg",32,"['every color', 'good quality', 'sexy', 'dress', 'comfy', 'lingerie', 'wearing', 'lbs']",4.5 
5c6e5e1840bf07349439cc60,RSLOVE,$1.49 - $16.49,2018/9/15,https://www.amazon.com/RSLOVE-Lingerie-Sleepwear-Babydoll-Nightgown/dp/B07HD51Q5F/ref=zg_bs_1044968_33/144-6696593-3661307?_encoding=UTF8&refRID=H21JD8PXKTADAS8RHC4F,https://www.amazon.com/RSLOVE-Lingerie-Sleepwear-Babydoll-Nightgown/product-reviews/B07HD51Q5F/ref=cm_cr_dp_d_show_all_btm?ie=UTF8&reviewerType=all_reviews,44 ,https://www.amazon.com/s/ref=w_bl_sl_s_ap_web_7141123011?ie=UTF8&node=7141123011&field-brandtextbin=RSLOVE,RSLOVE Women Lace Lingerie Chemise Sexy V-Neck Floral Full Slip Sleepwear Babydoll Nightgown Dress,"https://images-na.ssl-images-amazon.com/images/I/61M6RP3NyvL._AC_UL200_SR200,200_.jpg",33,,4.5 
5c6e5e1f40bf07349439cc61,Garmol,,2017/3/3,https://www.amazon.com/Garmol-Lingerie-Fishnet-Bodysuit-Babydoll/dp/B06XDHDLDV/ref=zg_bs_1044968_34/144-6696593-3661307?_encoding=UTF8&refRID=H21JD8PXKTADAS8RHC4F,https://www.amazon.com/Garmol-Lingerie-Fishnet-Bodysuit-Babydoll/product-reviews/B06XDHDLDV/ref=cm_cr_dp_d_show_all_btm?ie=UTF8&reviewerType=all_reviews,1292 ,https://www.amazon.com/Garmol/b/ref=w_bl_sl_ap_ap_web_16125981011?ie=UTF8&node=16125981011&field-lbr_brands_browse-bin=Garmol,Garmol Women Lingerie One Piece Fishnet Teddy Lace Cups Bodysuit Mesh Babydoll,"https://images-na.ssl-images-amazon.com/images/I/711CiVCy8gL._AC_UL200_SR200,200_.jpg",34,"['super cute', 'good quality', 'ordered a large', 'usually wear', 'piece of lingerie', 'fits perfectly', 'ordered a medium', 'normally wear', 'highly recommend', 'victoria secret', 'fits great', 'like a glove', 'happy with this purchase', 'true to size', 'lbs and i ordered', 'ordered a size', 'large fit', 'feel like', 'bodysuit', 'quality for the price']",4.3 
5c6e5e2940bf07349439cc62,Avidlove,$2.99 - $17.99,2017/6/12,https://www.amazon.com/Avidlove-Lingerie-Babydoll-Chemise-Nightwear/dp/B071K5XX6F/ref=zg_bs_1044968_35/144-6696593-3661307?_encoding=UTF8&refRID=H21JD8PXKTADAS8RHC4F,https://www.amazon.com/Avidlove-Lingerie-Babydoll-Chemise-Nightwear/product-reviews/B071K5XX6F/ref=cm_cr_dp_d_show_all_btm?ie=UTF8&reviewerType=all_reviews,232 ,https://www.amazon.com/Avidlove/b/ref=w_bl_sl_ap_ap_web_11371148011?ie=UTF8&node=11371148011&field-lbr_brands_browse-bin=Avidlove,Avidlove Women V-Neck Lingerie Lace Babydoll Mesh Chemise Nightwear Outfits,"https://images-na.ssl-images-amazon.com/images/I/71KuZ4-KzfL._AC_UL200_SR200,200_.jpg",35,,4.4 
5c6e5e3840bf07349439cc63,Avidlove,$13.99 ,2017/2/8,https://www.amazon.com/Avidlove-Fishnet-Lingerie-Chemise-Badydoll/dp/B01MZITI8H/ref=zg_bs_1044968_36/144-6696593-3661307?_encoding=UTF8&refRID=H21JD8PXKTADAS8RHC4F,https://www.amazon.com/Avidlove-Fishnet-Lingerie-Chemise-Badydoll/product-reviews/B01MV4EG0O/ref=cm_cr_dp_d_show_all_btm?ie=UTF8&reviewerType=all_reviews,271 ,https://www.amazon.com/Avidlove/b/ref=w_bl_sl_ap_ap_web_11371148011?ie=UTF8&node=11371148011&field-lbr_brands_browse-bin=Avidlove,Avidlove Women's Fishnet Lingerie Mesh Hole Strap Chemise Badydoll Mini Dress,"https://images-na.ssl-images-amazon.com/images/I/71GwVqLaaaL._AC_UL200_SR200,200_.jpg",36,"['bathing suit', 'right places', 'looked great', 'fits perfectly', 'husband loved', 'looks amazing', 'perfect fit', 'wear a large', 'fits me well', 'pretty good', 'super stretchy', 'curves just right', 'size fits', 'wear a bra', 'boyfriend loved', 'great fit', 'super sexy', 'fit great', 'wear a size', 'size shirts and size']",4.5 
5c6e5e4340bf07349439cc64,Avidlove,$2.89 - $14.59,2017/2/21,https://www.amazon.com/Avidlove-Women-Chemises-Lingerie-Babydoll/dp/B06W5LW8RR/ref=zg_bs_1044968_37/144-6696593-3661307?_encoding=UTF8&refRID=H21JD8PXKTADAS8RHC4F,https://www.amazon.com/Avidlove-Women-Chemises-Lingerie-Babydoll/product-reviews/B06W5LW8RR/ref=cm_cr_dp_d_show_all_btm?ie=UTF8&reviewerType=all_reviews,215 ,https://www.amazon.com/Avidlove/b/ref=w_bl_sl_ap_ap_web_11371148011?ie=UTF8&node=11371148011&field-lbr_brands_browse-bin=Avidlove,Avidlove Women Chemises Lace Smock Lingerie Mini Babydoll Mesh Chemises,"https://images-na.ssl-images-amazon.com/images/I/81TxzmG7GFL._AC_UL200_SR200,200_.jpg",37,"['looks like', 'way too big', 'like the picture', 'piece of lingerie', 'husband loves', 'fit right', 'ordered a small', 'size smaller', 'smaller size', 'lbs and i ordered', 'big lbs', 'love this piece', 'looks great', 'true to size', 'lingerie that i ordered', 'size is the true size', 'fabric', 'loose', 'sizing', 'gotten']",4.0 
5c6e5e5440bf07349439cc65,XAKALAKA,$14.99 - $17.99,2018/6/28,https://www.amazon.com/XAKALAKA-Lingerie-Babydoll-Chemise-Sleepwear/dp/B07F37X37F/ref=zg_bs_1044968_38/144-6696593-3661307?_encoding=UTF8&refRID=H21JD8PXKTADAS8RHC4F,https://www.amazon.com/XAKALAKA-Lingerie-Babydoll-Chemise-Sleepwear/product-reviews/B07F37X37F/ref=cm_cr_dp_d_show_all_btm?ie=UTF8&reviewerType=all_reviews,109 ,https://www.amazon.com/XAKALAKA/b/ref=w_bl_sl_ap_ap_web_15986931011?ie=UTF8&node=15986931011&field-lbr_brands_browse-bin=XAKALAKA,XAKALAKA Women's Plus Size Lingerie Babydoll Front Slit Lace Mesh Chemise Sleepwear,"https://images-na.ssl-images-amazon.com/images/I/61i9mmxK6WL._AC_UL200_SR200,200_.jpg",38,"['plus size', 'fit perfectly', 'order a size', 'material is a lot soft', 'runs small', 'true to size', 'absolutely love', 'fit perfect', 'made me feel', 'well made', 'little small', 'feel sexy', 'fit very well', 'lingerie', 'flattering', 'slit', 'fabric', 'lbs', 'support', 'thong']",4.5 
5c6e5e6540bf07349439cc66,ADOME,$9.99 - $15.99,2017/12/27,https://www.amazon.com/ADOME-Chemise-Lingerie-Babydoll-Sleepwear/dp/B078P4912G/ref=zg_bs_1044968_39/144-6696593-3661307?_encoding=UTF8&refRID=H21JD8PXKTADAS8RHC4F,https://www.amazon.com/ADOME-Chemise-Lingerie-Babydoll-Sleepwear/product-reviews/B078P4912G/ref=cm_cr_dp_d_show_all_btm?ie=UTF8&reviewerType=all_reviews,191 ,https://www.amazon.com/s/ref=w_bl_sl_s_ap_web_7141123011?ie=UTF8&node=7141123011&field-brandtextbin=ADOME,ADOME Women Chemise Lingerie Sexy Nightie Full Slips Lace Babydoll Sleepwear Dress,"https://images-na.ssl-images-amazon.com/images/I/81aWhELxAaL._AC_UL200_SR200,200_.jpg",39,"['fits perfectly', 'bust area', 'fits well', 'true to size', 'ordered a medium', 'soft and comfortable', 'super soft', 'straps are adjustable', 'material is soft', 'soft material', 'soft and flattering', 'comfy and sexy', 'love how soft', 'soft and comfy', 'lingerie', 'nightie', 'lbs', 'fabric', 'support', 'chest']",4.4 
5c6e5e7240bf07349439cc67,Avidlove,$3.99 - $15.89,2016/7/14,https://www.amazon.com/Avidlove-Chemises-Lingerie-Babydoll-Sleepwear/dp/B01IF31L10/ref=zg_bs_1044968_40/144-6696593-3661307?_encoding=UTF8&refRID=H21JD8PXKTADAS8RHC4F,https://www.amazon.com/Avidlove-Chemises-Lingerie-Babydoll-Sleepwear/product-reviews/B01IF31L10/ref=cm_cr_dp_d_show_all_btm?ie=UTF8&reviewerType=all_reviews,427 ,https://www.amazon.com/Avidlove/b/ref=w_bl_sl_ap_ap_web_11371148011?ie=UTF8&node=11371148011&field-lbr_brands_browse-bin=Avidlove,Avidlove Women Chemises Lingerie Mini Babydoll Sleepwear Strappy lace Dress,"https://images-na.ssl-images-amazon.com/images/I/81mMyQWRQEL._AC_UL200_SR200,200_.jpg",40,"['tank top', 'super sexy', 'fits perfectly', 'around the house', 'little big', 'size chart', 'ordered a medium', 'little number', 'fits well', 'comfortable to sleep', 'material is very soft', 'soft material', 'ordered a small', 'small and ordered', 'fits great', 'feel of the material', 'soft and comfortable', 'usually wear', 'avidlove has great', 'fits perfect']",4.2 
5c6e5e7e40bf07349439cc68,Avidlove,$4.99 - $15.39,2016/9/16,https://www.amazon.com/Avidlove-Babydoll-Naughty-Uniform-Lingerie/dp/B01LYU2C6P/ref=zg_bs_1044968_41/144-6696593-3661307?_encoding=UTF8&refRID=H21JD8PXKTADAS8RHC4F,https://www.amazon.com/Avidlove-Babydoll-Naughty-Uniform-Lingerie/product-reviews/B01LYU2C6P/ref=cm_cr_dp_d_show_all_btm?ie=UTF8&reviewerType=all_reviews,541 ,https://www.amazon.com/Avidlove/b/ref=w_bl_sl_ap_ap_web_11371148011?ie=UTF8&node=11371148011&field-lbr_brands_browse-bin=Avidlove,Avidlove Womens Halter Lace Babydoll Naughty Maid Uniform Sexy Lingerie,"https://images-na.ssl-images-amazon.com/images/I/71ml8mBf%2B-L._AC_UL200_SR200,200_.jpg",41,,4.0 
5c6e5e8740bf07349439cc69,Avidlove,$4.49 - $17.49,2017/8/20,https://www.amazon.com/Avidlove-Lingerie-Garter-Babydoll-Bodysuit/dp/B074Z3QGMX/ref=zg_bs_1044968_42/144-6696593-3661307?_encoding=UTF8&refRID=H21JD8PXKTADAS8RHC4F,https://www.amazon.com/Avidlove-Lingerie-Garter-Babydoll-Bodysuit/product-reviews/B074Z3QGMX/ref=cm_cr_dp_d_show_all_btm?ie=UTF8&reviewerType=all_reviews,221 ,https://www.amazon.com/Avidlove/b/ref=w_bl_sl_ap_ap_web_11371148011?ie=UTF8&node=11371148011&field-lbr_brands_browse-bin=Avidlove,Avidlove Women Lace Lingerie Set with Garter Belts Lace Teddy Babydoll Bodysuit,"https://images-na.ssl-images-amazon.com/images/I/71AaLMpRQUL._AC_UL200_SR200,200_.jpg",42,,3.3 
5c6e5ea240bf07349439cc6a,RSLOVE,$2.99 - $16.99,2018/4/27,https://www.amazon.com/RSLOVE-Lingerie-Eyelash-Babydoll-Nightwear/dp/B07CQGHFCN/ref=zg_bs_1044968_43/144-6696593-3661307?_encoding=UTF8&refRID=H21JD8PXKTADAS8RHC4F,https://www.amazon.com/RSLOVE-Lingerie-Eyelash-Babydoll-Nightwear/product-reviews/B07CQGHFCN/ref=cm_cr_dp_d_show_all_btm?ie=UTF8&reviewerType=all_reviews,102 ,https://www.amazon.com/s/ref=w_bl_sl_s_ap_web_7141123011?ie=UTF8&node=7141123011&field-brandtextbin=RSLOVE,RSLOVE Women's Lace Kimono Robe Lingerie Eyelash Babydoll Sheer Nightwear,"https://images-na.ssl-images-amazon.com/images/I/91Yv15e4t-L._AC_UL200_SR200,200_.jpg",43,"['good price', 'well made', 'quality and good', 'makes me feel', 'definitely recommend', 'looks amazing', 'fits perfect', 'feels great', 'lace is so soft', 'material is so soft', 'sexy', 'fabric', 'kimono', 'belt', 'lingerie', 'medium', 'panties', 'ribbon', 'delicate', 'incredibly']",4.5 
5c6e5eae40bf07349439cc6b,FasiCat,$6.99 - $11.99,2016/4/20,https://www.amazon.com/FasiCat-Lingerie-Fishnet-Chemise-Bodysuit/dp/B01EKRMG8C/ref=zg_bs_1044968_44/144-6696593-3661307?_encoding=UTF8&refRID=H21JD8PXKTADAS8RHC4F,https://www.amazon.com/FasiCat-Lingerie-Fishnet-Chemise-Bodysuit/product-reviews/B01EKRMG8C/ref=cm_cr_dp_d_show_all_btm?ie=UTF8&reviewerType=all_reviews,220 ,https://www.amazon.com/FasiCat/b/ref=w_bl_sl_ap_ap_web_13256486011?ie=UTF8&node=13256486011&field-lbr_brands_browse-bin=FasiCat,FasiCat Sexy Lingerie for Women Fishnet Halter Chemise Deep V Hot Mesh Mini Dress Bodysuit,"https://images-na.ssl-images-amazon.com/images/I/71%2BYxTlSMKL._AC_UL200_SR200,200_.jpg",44,,3.8 
5c6e5eb440bf07349439cc6c,LemonGirl,$7.55 ,2017/8/24,https://www.amazon.com/LemonGirl-Lingerie-Fishnet-Babydoll-Bodysuit/dp/B0753BBMQC/ref=zg_bs_1044968_45/144-6696593-3661307?_encoding=UTF8&refRID=H21JD8PXKTADAS8RHC4F,https://www.amazon.com/LemonGirl-Lingerie-Fishnet-Babydoll-Bodysuit/product-reviews/B0753FMQK7/ref=cm_cr_dp_d_show_all_btm?ie=UTF8&reviewerType=all_reviews,129 ,https://www.amazon.com/LemonGirl/b/ref=w_bl_sl_ap_ap_web_15353501011?ie=UTF8&node=15353501011&field-lbr_brands_browse-bin=LemonGirl,LemonGirl Women's Mesh Lingerie for Women Fishnet Babydoll Mini Dress Free Size Bodysuit,"https://images-na.ssl-images-amazon.com/images/I/614lWSROWtL._AC_UL200_SR200,200_.jpg",45,"['fits great', 'body', 'curvy', 'stretchy', 'boyfriend', 'holes', 'lol', 'curves', 'looked', 'outfit', 'package', 'ladies', 'pull', 'saw', 'stretches', 'thin', 'woman']",4.5 
5c6e5ecd40bf07349439cc6d,Ruzishun,$1.77 - $15.77,2018/9/19,https://www.amazon.com/Ruzishun-Womens-Lingerie-Women-Nightgown/dp/B07HH5FGQS/ref=zg_bs_1044968_46/144-6696593-3661307?_encoding=UTF8&refRID=H21JD8PXKTADAS8RHC4F,https://www.amazon.com/Ruzishun-Womens-Lingerie-Women-Nightgown/product-reviews/B07HH5FGQS/ref=cm_cr_dp_d_show_all_btm?ie=UTF8&reviewerType=all_reviews,144 ,https://www.amazon.com/Ruzishun/b/ref=w_bl_sl_ap_ap_web_11451060011?ie=UTF8&node=11451060011&field-lbr_brands_browse-bin=Ruzishun,Ruzishun Womens Sexy Lingerie for Women Lace Teddy Lingerie Deep V Open Plus Size Nightgown,"https://images-na.ssl-images-amazon.com/images/I/81TWjkWNzSL._AC_UL200_SR200,200_.jpg",46,"['super cute', 'fits perfectly', 'body suit', 'tie in the back', 'happy with purchase', 'true to size', 'hit or miss', 'good quality', 'lace is thick', 'fits perfect', 'even though', 'really nice', 'runs small', 'ordered a size', 'usually wear', 'looks good', 'crotch area', 'buying lingerie', 'normally wear', 'quality lace']",4.3 
5c6e5ede40bf07349439cc6e,Vorifun,$8.99 ,2017/8/18,https://www.amazon.com/Vorifun-Fishnet-Lingerie-Sleepwear-Babydoll/dp/B074XG7XY6/ref=zg_bs_1044968_47/144-6696593-3661307?_encoding=UTF8&refRID=H21JD8PXKTADAS8RHC4F,https://www.amazon.com/Vorifun-Fishnet-Lingerie-Sleepwear-Babydoll/product-reviews/B074X9ZCP2/ref=cm_cr_dp_d_show_all_btm?ie=UTF8&reviewerType=all_reviews,84 ,https://www.amazon.com/s/ref=w_bl_sl_s_ap_web_7141123011?ie=UTF8&node=7141123011&field-brandtextbin=Vorifun,Vorifun Women Fishnet Lingerie See Through Sleepwear One Piece V-Neck Babydoll Mini Dress One Size,"https://images-na.ssl-images-amazon.com/images/I/71zn2n7BpoL._AC_UL200_SR200,200_.jpg",47,"['sexy', 'stretchy', 'body', 'looked', 'outfit', 'dress', 'lingerie']",4.1 
5c6e5ee440bf07349439cc6f,Ababoon,$1.99 - $16.99,2018/9/17,https://www.amazon.com/Ababoon-Babydoll-Lingerie-Nightgown-G-String/dp/B07HFGM4N8/ref=zg_bs_1044968_48/144-6696593-3661307?_encoding=UTF8&refRID=H21JD8PXKTADAS8RHC4F,https://www.amazon.com/Ababoon-Babydoll-Lingerie-Nightgown-G-String/product-reviews/B07HFGM4N8/ref=cm_cr_dp_d_show_all_btm?ie=UTF8&reviewerType=all_reviews,87 ,https://www.amazon.com/Ababoon/b/ref=w_bl_sl_ap_ap_web_17916310011?ie=UTF8&node=17916310011&field-lbr_brands_browse-bin=Ababoon,Ababoon Women's Lace Kimono Robe Babydoll Lingerie Mesh Nightgown G-String,"https://images-na.ssl-images-amazon.com/images/I/81PuX17uslL._AC_UL200_SR200,200_.jpg",48,"['soft lace', 'sexy', 'red', 'robe', 'medium', 'lingerie', 'belt', 'pictured']",4.3 
5c6e5eed40bf07349439cc70,Avidlove,$4.99 - $15.66,2016/12/5,https://www.amazon.com/Avidlove-Lingerie-Bodysuit-Babydoll-Jumpsuit/dp/B01N0ND43X/ref=zg_bs_1044968_49/144-6696593-3661307?_encoding=UTF8&refRID=H21JD8PXKTADAS8RHC4F,https://www.amazon.com/Avidlove-Lingerie-Bodysuit-Babydoll-Jumpsuit/product-reviews/B01N0ND43X/ref=cm_cr_dp_d_show_all_btm?ie=UTF8&reviewerType=all_reviews,153 ,https://www.amazon.com/Avidlove/b/ref=w_bl_sl_ap_ap_web_11371148011?ie=UTF8&node=11371148011&field-lbr_brands_browse-bin=Avidlove,Avidlove Women Satin Lingerie Bodysuit Deep-V Stretch Teddy One Piece Lace Babydoll Short Jumpsuit Pajamas,"https://images-na.ssl-images-amazon.com/images/I/81-yQouNBFL._AC_UL200_SR200,200_.jpg",49,,4.4 
5c6e5efc40bf07349439cc71,ELOVER,$44.99 - $52.99,2019/1/13,https://www.amazon.com/ELOVER-Eighty-Night-Babydoll-Nightgowns-Lingerie/dp/B07MQRM7RD/ref=zg_bs_1044968_50/144-6696593-3661307?_encoding=UTF8&refRID=H21JD8PXKTADAS8RHC4F,,,https://www.amazon.com/ELOVER/b/ref=w_bl_sl_ap_ap_web_18206245011?ie=UTF8&node=18206245011&field-lbr_brands_browse-bin=ELOVER,ELOVER Eighty-Night Off Sexy Babydoll Nightgowns for Women Lace Chemise Lingerie Full Slips,"https://images-na.ssl-images-amazon.com/images/I/71Y2b-5aWpL._AC_UL200_SR200,200_.jpg",50,,
5c6e5f0c40bf07349439cc72,FasiCat,$9.99 ,2017/12/13,https://www.amazon.com/FasiCat-Lingerie-Fishnet-Babydoll-Bodysuit/dp/B0788H3FV6/ref=zg_bs_1044968_51/144-8595119-8015611?_encoding=UTF8&refRID=YEHXZXVJ7W6CSZDS17AX,https://www.amazon.com/FasiCat-Strapless-Babydoll-Lingerie-Mini-Dress/product-reviews/B01DU3DSHU/ref=cm_cr_dp_d_show_all_btm?ie=UTF8&reviewerType=all_reviews,824 ,https://www.amazon.com/FasiCat/b/ref=w_bl_sl_ap_ap_web_13256486011?ie=UTF8&node=13256486011&field-lbr_brands_browse-bin=FasiCat,FasiCat Women's Mesh Lingerie Fishnet Babydoll Mini Dress Free Size Bodysuit,"https://images-na.ssl-images-amazon.com/images/I/71gvgszH3KL._AC_UL200_SR200,200_.jpg",51,"['waste of money', 'plus size', 'fits perfectly', 'size fits', 'looks like', 'super sexy', 'tube dress', 'form fitting', 'different colors', 'looks great', 'comfortable and sexy', 'highly recommend', 'bought it in the purple', 'every color', 'ten bucks', 'room to spare', 'pantyhose', 'look good', 'fits well', 'little number']",4.3 
5c6e5f1d40bf07349439cc73,,$2.99 - $16.99,2018/12/5,https://www.amazon.com/Joyaria-Lingerie-Outfits-Bodysuit-Nighties/dp/B07L5GB9L6/ref=zg_bs_1044968_52/144-8595119-8015611?_encoding=UTF8&refRID=YEHXZXVJ7W6CSZDS17AX,https://www.amazon.com/Joyaria-Lingerie-Outfits-Bodysuit-Nighties/product-reviews/B07L5GB9L6/ref=cm_cr_dp_d_show_all_btm?ie=UTF8&reviewerType=all_reviews,127 ,,Joyaria Women's Sexy Teddy Lingerie Outfits One Piece Lace Bodysuit Mesh Nighties,"https://images-na.ssl-images-amazon.com/images/I/71C1ZSy8g7L._AC_UL200_SR200,200_.jpg",52,,4.6 
5c6e5f2940bf07349439cc74,Buitifo,$13.99 ,2018/4/27,https://www.amazon.com/Buitifo-Women-Bodysuit-Babydoll-Lingerie/dp/B07CPS5NKY/ref=zg_bs_1044968_53/144-8595119-8015611?_encoding=UTF8&refRID=YEHXZXVJ7W6CSZDS17AX,https://www.amazon.com/Buitifo-Women-Bodysuit-Babydoll-Lingerie/product-reviews/B07CPS5NKY/ref=cm_cr_dp_d_show_all_btm?ie=UTF8&reviewerType=all_reviews,77 ,https://www.amazon.com/Buitifo/b/ref=w_bl_sl_ap_ap_web_18608659011?ie=UTF8&node=18608659011&field-lbr_brands_browse-bin=Buitifo,Buitifo Women Lace Bodysuit One Piece Babydoll Mini Teddy V Neck Lingerie,"https://images-na.ssl-images-amazon.com/images/I/61NVeg7SkJL._AC_UL200_SR200,200_.jpg",53,"['material was very soft', 'quality for the price', 'adjustable straps', 'size medium', 'got a too big size', 'soft and very stretchy', 'fits perfect', 'true to size', 'great quality', 'size s fit', 'super sexy', 'soft and the lace', 'lingerie', 'teddy', 'body', 'bodysuit', 'lbs', 'red', 'sizing', 'normally']",4.5 
5c6e5f3840bf07349439cc75,Hotouch,$2.99 - $15.99,2016/8/24,https://www.amazon.com/Hotouch-Sleepwear-Womens-Chemise-Nightgown/dp/B01KXS45J0/ref=zg_bs_1044968_54/144-8595119-8015611?_encoding=UTF8&refRID=YEHXZXVJ7W6CSZDS17AX,https://www.amazon.com/Hotouch-Sleepwear-Chemise-Nightgown-Lingerie/product-reviews/B01KXS45J0/ref=cm_cr_dp_d_show_all_btm?ie=UTF8&reviewerType=all_reviews,337 ,https://www.amazon.com/Hotouch/b/ref=w_bl_sl_ap_ap_web_12206317011?ie=UTF8&node=12206317011&field-lbr_brands_browse-bin=Hotouch,Hotouch Sleepwear Womens Chemise Nightgown Full Slips Lace Sling Dress Sexy Lingerie S-XXL,"https://images-na.ssl-images-amazon.com/images/I/71uY2bvB38L._AC_UL200_SR200,200_.jpg",54,"['nightgown', 'adjustable straps', 'super soft', 'breast area', 'true to size', 'soft and comfortable', 'poor quality', 'runs large', 'cheaply made', 'move around', 'strap broke', 'ordered a large', 'soft and comfy', 'highly recommend', 'everything else', 'love the color', 'straps are adjustable', 'plastic piece', 'super comfy', 'around the house']",4.1 
5c6e5f4540bf07349439cc76,Avidlove,$12.99 - $15.99,2017/9/15,https://www.amazon.com/Avidlove-Lingerie-Nightdress-Chemise-G-string/dp/B075NYSRH4/ref=zg_bs_1044968_55/144-8595119-8015611?_encoding=UTF8&refRID=YEHXZXVJ7W6CSZDS17AX,https://www.amazon.com/Avidlove-Lingerie-Nightdress-Chemise-G-string/product-reviews/B075NYSRH4/ref=cm_cr_dp_d_show_all_btm?ie=UTF8&reviewerType=all_reviews,103 ,https://www.amazon.com/Avidlove/b/ref=w_bl_sl_ap_ap_web_11371148011?ie=UTF8&node=11371148011&field-lbr_brands_browse-bin=Avidlove,Avidlove Women's Sexy Long Lace Lingerie Nightdress Sheer Gown Chemise G-string,"https://images-na.ssl-images-amazon.com/images/I/71t3-J%2BRIJL._AC_UL200_SR200,200_.jpg",55,,4.3 
5c6e5f5040bf07349439cc77,Garmol,$16.99 ,2017/12/7,https://www.amazon.com/Garmol-Lingerie-Halter-Bodysuit-Babydoll/dp/B077ZV3B29/ref=zg_bs_1044968_56/144-8595119-8015611?_encoding=UTF8&refRID=YEHXZXVJ7W6CSZDS17AX,https://www.amazon.com/Garmol-Lingerie-Halter-Bodysuit-Babydoll/product-reviews/B077ZV3B29/ref=cm_cr_dp_d_show_all_btm?ie=UTF8&reviewerType=all_reviews,159 ,https://www.amazon.com/Garmol/b/ref=w_bl_sl_ap_ap_web_16125981011?ie=UTF8&node=16125981011&field-lbr_brands_browse-bin=Garmol,Garmol Women Lingerie Lace Teddy One Piece Halter Sheer Mesh Bodysuit Babydoll,"https://images-na.ssl-images-amazon.com/images/I/71qSlN0vXeL._AC_UL200_SR200,200_.jpg",56,"['long torso', 'good quality', 'little big', 'lbs and got', 'great material', 'normally wear', 'super sexy', 'materials are so soft', 'silky soft', 'buy another', 'fit perfect', 'makes me feel', 'feel like', 'like the picture', 'size chart', 'exactly like', 'well made', 'absolutely beautiful', 'nice quality', 'perfect fit']",4.5 
5c6e5f5d40bf07349439cc78,ADOME,$3.99 - $16.99,2018/4/10,https://www.amazon.com/ADOME-Sleepwear-Chemise-Nightgown-Lingerie/dp/B07C3JW9YV/ref=zg_bs_1044968_57/144-8595119-8015611?_encoding=UTF8&refRID=YEHXZXVJ7W6CSZDS17AX,https://www.amazon.com/ADOME-Sleepwear-Chemise-Nightgown-Lingerie/product-reviews/B07C3JW9YV/ref=cm_cr_dp_d_show_all_btm?ie=UTF8&reviewerType=all_reviews,134 ,https://www.amazon.com/s/ref=w_bl_sl_s_ap_web_7141123011?ie=UTF8&node=7141123011&field-brandtextbin=ADOME,ADOME Sleepwear Women V Neck Chemise Nightgown Lace Lingerie Full Slip Dress,"https://images-na.ssl-images-amazon.com/images/I/71dimczseaL._AC_UL200_SR200,200_.jpg",57,,4.2 
5c6e5f6a40bf07349439cc79,GUIXIU,$7.99 - $12.99,2017/11/29,https://www.amazon.com/SESY-Lingerie-Babydoll-Stretch-Strappy/dp/B077TCH48Z/ref=zg_bs_1044968_58/144-8595119-8015611?_encoding=UTF8&refRID=YEHXZXVJ7W6CSZDS17AX,https://www.amazon.com/Lingerie-Babydoll-Stretch-Strappy-Bowknot/product-reviews/B077TCH48Z/ref=cm_cr_dp_d_show_all_btm?ie=UTF8&reviewerType=all_reviews,215 ,https://www.amazon.com/GUIXIU/b/ref=w_bl_sl_ap_ap_web_13498335011?ie=UTF8&node=13498335011&field-lbr_brands_browse-bin=GUIXIU,Womens Sexy Bridal Lingerie Lace Floral Babydoll Stretch Strappy Set with Cute Bowknot Mesh Thong,"https://images-na.ssl-images-amazon.com/images/I/61-82Ip-ThL._AC_UL200_SR200,200_.jpg",58,"['super cute', 'fit perfectly', 'waste of money', 'true to size', 'cheaply made', 'bottoms fit', 'little small', 'like the picture', 'victorias secret', 'good quality', 'small fit', 'definitely recommend', 'bigger hips', 'fit like', 'husband loves', 'lbs and got', 'even though', 'got a medium', 'great top', 'top fit']",3.7 
5c6e5f7740bf07349439cc7a,ADOME,$3.99 - $17.98,2018/1/24,https://www.amazon.com/ADOME-Lingerie-Strappy-Babydoll-Bodysuit/dp/B0798M9DSR/ref=zg_bs_1044968_59/144-8595119-8015611?_encoding=UTF8&refRID=YEHXZXVJ7W6CSZDS17AX,https://www.amazon.com/ADOME-Lingerie-Strappy-Babydoll-Bodysuit/product-reviews/B0798M9DSR/ref=cm_cr_dp_d_show_all_btm?ie=UTF8&reviewerType=all_reviews,153 ,https://www.amazon.com/s/ref=w_bl_sl_s_ap_web_7141123011?ie=UTF8&node=7141123011&field-brandtextbin=ADOME,ADOME Women's Lace Lingerie Bra and Panty Set Strappy Babydoll Bodysuit,"https://images-na.ssl-images-amazon.com/images/I/719E6ABtZ7L._AC_UL200_SR200,200_.jpg",59,,4.0 
5c6e5f8440bf07349439cc7b,ADOME,$2.99 - $15.98,2018/1/17,https://www.amazon.com/ADOME-Lingerie-Fishnet-Bodysuit-Babydoll/dp/B0792WJYTP/ref=zg_bs_1044968_60/144-8595119-8015611?_encoding=UTF8&refRID=YEHXZXVJ7W6CSZDS17AX,https://www.amazon.com/ADOME-Lingerie-Fishnet-Bodysuit-Babydoll/product-reviews/B0792WJYTP/ref=cm_cr_dp_d_show_all_btm?ie=UTF8&reviewerType=all_reviews,204 ,https://www.amazon.com/s/ref=w_bl_sl_s_ap_web_7141123011?ie=UTF8&node=7141123011&field-brandtextbin=ADOME,ADOME Women One Piece Lingerie Lace Fishnet Teddy Bodysuit Mesh Babydoll,"https://images-na.ssl-images-amazon.com/images/I/81qeGZF3CZL._AC_UL200_SR200,200_.jpg",60,,4.0 
5c6e5f9040bf07349439cc7c,Ekouaer,$4.99 - $17.99,2018/12/12,https://www.amazon.com/Ekouaer-Sleepwear-Lingerie-Nightgown-Loungewear/dp/B07LB4YDT9/ref=zg_bs_1044968_61/144-8595119-8015611?_encoding=UTF8&refRID=YEHXZXVJ7W6CSZDS17AX,https://www.amazon.com/Ekouaer-Sleepwear-Lingerie-Nightgown-Loungewear/product-reviews/B07LB4YDT9/ref=cm_cr_dp_d_show_all_btm?ie=UTF8&reviewerType=all_reviews,144 ,https://www.amazon.com/Ekouaer/b/ref=w_bl_sl_ap_ap_web_10797138011?ie=UTF8&node=10797138011&field-lbr_brands_browse-bin=Ekouaer,Ekouaer Sleepwear Women's Sexy Lingerie Satin Lace Chemise Nightgown Loungewear S-XXL,"https://images-na.ssl-images-amazon.com/images/I/71jKpXtQ16L._AC_UL200_SR200,200_.jpg",61,,4.0 
5c6e5f9740bf07349439cc7d,Pintimi,$3.75 - $15.99,2018/7/22,https://www.amazon.com/Pintimi-Bodysuit-Leotard-Backless-Underwear/dp/B07FJN5QCJ/ref=zg_bs_1044968_62/144-8595119-8015611?_encoding=UTF8&refRID=YEHXZXVJ7W6CSZDS17AX,https://www.amazon.com/Pintimi-Bodysuit-Lingerie-Plunging-Backless/product-reviews/B07FJN5QCJ/ref=cm_cr_dp_d_show_all_btm?ie=UTF8&reviewerType=all_reviews,57 ,https://www.amazon.com/s/ref=w_bl_sl_s_ap_web_7141123011?ie=UTF8&node=7141123011&field-brandtextbin=Pintimi,Pintimi Women Snap Crotch Bodysuit Lingerie Deep V Plunging Teddy Lace Backless Teddy,"https://images-na.ssl-images-amazon.com/images/I/71i6r0uGOKL._AC_UL200_SR200,200_.jpg",62,,4.4 
5c6e5fa140bf07349439cc7e,Ekouaer,$4.99 - $16.99,2015/12/25,https://www.amazon.com/Ekouaer-Lingerie-Sleepwear-Chemise-Nightgown/dp/B019TRUZWC/ref=zg_bs_1044968_63/144-8595119-8015611?_encoding=UTF8&refRID=YEHXZXVJ7W6CSZDS17AX,https://www.amazon.com/Ekouaer-Lingerie-Sleepwear-Chemise-Nightgown/product-reviews/B019TRUZWC/ref=cm_cr_dp_d_show_all_btm?ie=UTF8&reviewerType=all_reviews,719 ,https://www.amazon.com/Ekouaer/b/ref=w_bl_sl_ap_ap_web_10797138011?ie=UTF8&node=10797138011&field-lbr_brands_browse-bin=Ekouaer,Ekouaer Sexy Lingerie Women's Sleepwear Satin Lace Chemise Nightgown XS-XXL,"https://images-na.ssl-images-amazon.com/images/I/71H2afiZ4WL._AC_UL200_SR200,200_.jpg",63,"['form fitting', 'different colors', 'well made', 'hand wash', 'really like', 'good quality', 'absolutely love', 'around the house', 'little big', 'wanted something', 'fits well', 'fits perfectly', 'comfortable to sleep', 'even though', 'fits perfect', 'true to size', 'good value', 'great price', 'nightgown', 'slit on the side']",4.1 
5c6e5faf40bf07349439cc7f,klier,$3.99 - $15.99,2018/6/15,https://www.amazon.com/Klier-Lingerie-Nightwear-Sleepwear-Nightgown/dp/B07DRJV9R5/ref=zg_bs_1044968_64/144-8595119-8015611?_encoding=UTF8&refRID=YEHXZXVJ7W6CSZDS17AX,https://www.amazon.com/klier-Lingerie-Nightwear-Sleepwear-Nightgown/product-reviews/B07DRJV9R5/ref=cm_cr_dp_d_show_all_btm?ie=UTF8&reviewerType=all_reviews,48 ,https://www.amazon.com/klier/b/ref=w_bl_sl_ap_ap_web_18411833011?ie=UTF8&node=18411833011&field-lbr_brands_browse-bin=klier,klier Women Sexy Lingerie Eyelash Lace Chemise Babydoll Nightwear Set Sleepwear Sheer Nightgown,"https://images-na.ssl-images-amazon.com/images/I/81JgFixehqL._AC_UL200_SR200,200_.jpg",64,,4.2 
5c6e5fb640bf07349439cc80,Ababoon,$1.90 - $15.99,2018/12/12,https://www.amazon.com/Ababoon-Lingerie-Nightwear-Babydoll-Chemise/dp/B07L9V8XZ2/ref=zg_bs_1044968_65/144-8595119-8015611?_encoding=UTF8&refRID=YEHXZXVJ7W6CSZDS17AX,https://www.amazon.com/Ababoon-Lingerie-Nightwear-Babydoll-Chemise/product-reviews/B07L9V8XZ2/ref=cm_cr_dp_d_show_all_btm?ie=UTF8&reviewerType=all_reviews,19 ,https://www.amazon.com/Ababoon/b/ref=w_bl_sl_ap_ap_web_17916310011?ie=UTF8&node=17916310011&field-lbr_brands_browse-bin=Ababoon,Ababoon Women Lingerie Nightwear Sexy Babydoll Lace Chemise,"https://images-na.ssl-images-amazon.com/images/I/813r3SrcvZL._AC_UL200_SR200,200_.jpg",65,,3.7 
5c6e5fc240bf07349439cc81,Ruzishun,$1.77 - $12.77,2015/9/24,https://www.amazon.com/Ruzishun-Nightwear-Perspective-Sleepwear-Underwear/dp/B015R0U7MS/ref=zg_bs_1044968_66/144-8595119-8015611?_encoding=UTF8&refRID=YEHXZXVJ7W6CSZDS17AX,https://www.amazon.com/Ruzishun-Nightwear-Perspective-Sleepwear-Underwear/product-reviews/B015R0U7MS/ref=cm_cr_dp_d_show_all_btm?ie=UTF8&reviewerType=all_reviews,597 ,https://www.amazon.com/Ruzishun/b/ref=w_bl_sl_ap_ap_web_11451060011?ie=UTF8&node=11451060011&field-lbr_brands_browse-bin=Ruzishun,Ruzishun Women's Sexy Lingerie White Lace Nightwear Perspective Sleepwear Underwear,"https://images-na.ssl-images-amazon.com/images/I/71J6m6la7mL._AC_UL200_SR200,200_.jpg",66,"['like the picture', 'wedding night', 'nothing like', 'cheaply made', 'looks nothing', 'fits well', 'exchange for my honest', 'even though', 'babydoll', 'honest and unbiased', 'hook and eye', 'white lace', 'get what you pay', 'night gown', 'bridal shower', 'hand wash', 'super cute', 'decent quality', 'hooks in the back', 'normally wear']",3.4 
5c6e5fca40bf07349439cc82,Ababoon,$1.99 - $15.59,2018/3/11,https://www.amazon.com/Ababoon-Lingerie-Babydoll-Chemise-G-string/dp/B07BCZKM39/ref=zg_bs_1044968_67/144-8595119-8015611?_encoding=UTF8&refRID=YEHXZXVJ7W6CSZDS17AX,https://www.amazon.com/Ababoon-Lingerie-Babydoll-Chemise-G-string/product-reviews/B07BCZKM39/ref=cm_cr_dp_d_show_all_btm?ie=UTF8&reviewerType=all_reviews,224 ,https://www.amazon.com/Ababoon/b/ref=w_bl_sl_ap_ap_web_17916310011?ie=UTF8&node=17916310011&field-lbr_brands_browse-bin=Ababoon,Ababoon Women V-neck Floral Lace Lingerie set Mini Babydoll Mesh Chemise Halter Outfits With G-string,"https://images-na.ssl-images-amazon.com/images/I/71s8hhYHCBL._AC_UL200_SR200,200_.jpg",67,,4.4 
5c6e5fe640bf07349439cc83,EVELUST,$12.88 ,2019/1/2,https://www.amazon.com/Womens-Unwrap-Babydoll-Through-Lingerie/dp/B07MHKJKVH/ref=zg_bs_1044968_68/144-8595119-8015611?_encoding=UTF8&refRID=YEHXZXVJ7W6CSZDS17AX,https://www.amazon.com/Womens-Unwrap-Babydoll-Through-Lingerie/product-reviews/B07MHKJKVH/ref=cm_cr_dp_d_show_all_btm?ie=UTF8&reviewerType=all_reviews,11 ,https://www.amazon.com/s/ref=w_bl_sl_s_ap_web_7141123011?ie=UTF8&node=7141123011&field-brandtextbin=EVELUST,"Womens Unwrap Me Babydoll, Sexy See Through Red Bow Lingerie Set","https://images-na.ssl-images-amazon.com/images/I/616RY8FOGSL._AC_UL200_SR200,200_.jpg",68,,5.0 
5c6e5fed40bf07349439cc84,,$24.99 - $27.99,2018/6/21,https://www.amazon.com/Women-Lingerie-Sleeve-Bodysuit-Sheer/dp/B07F1DLDRT/ref=zg_bs_1044968_69/144-8595119-8015611?_encoding=UTF8&refRID=YEHXZXVJ7W6CSZDS17AX,https://www.amazon.com/Women-Lingerie-Sleeve-Bodysuit-Sheer/product-reviews/B07F1DLDRT/ref=cm_cr_dp_d_show_all_btm?ie=UTF8&reviewerType=all_reviews,133 ,,Women Sexy Lingerie Long Sleeve Bodysuit Lace Deep V Bodysuit Lingerie Sheer Teddy Lingerie,"https://images-na.ssl-images-amazon.com/images/I/71zbNl2o-iL._AC_UL200_SR200,200_.jpg",69,"['fit perfectly', 'fits perfect', 'emerald green', 'short in the torso', 'like a glove', 'absolutely love', 'ordered a medium', 'bit short', 'great quality', 'well made', 'fits great', 'good quality', 'lbs and the medium', 'quality and material', 'looks amazing', 'size medium', 'ordered 1 size', 'sexy', 'lingerie', 'body']",4.5 
5c6e5ff140bf07349439cc85,Aranmei,$9.90 - $13.99,2017/11/20,https://www.amazon.com/Aranmei-Women-Hollow-Bodysuit-Lingerie/dp/B077MG7RZ7/ref=zg_bs_1044968_70/144-8595119-8015611?_encoding=UTF8&refRID=YEHXZXVJ7W6CSZDS17AX,https://www.amazon.com/Aranmei-Women-Hollow-Bodysuit-Lingerie/product-reviews/B077MG7RZ7/ref=cm_cr_dp_d_show_all_btm?ie=UTF8&reviewerType=all_reviews,163 ,https://www.amazon.com/Aranmei/b/ref=w_bl_sl_ap_ap_web_18201372011?ie=UTF8&node=18201372011&field-lbr_brands_browse-bin=Aranmei,Aranmei Women Hollow Out Lace One Piece Bodysuit Teddy Lingerie,"https://images-na.ssl-images-amazon.com/images/I/61zJiQXlswL._AC_UL200_SR200,200_.jpg",70,"['like the picture', 'ordered a medium', 'adjustable straps', 'short torso', 'fit perfectly', 'exactly like', 'exactly what i was looking', 'got a small', 'looked exactly', 'looks good', 'way too small', 'lbs and got', 'get it around', 'order one size', 'size chart', 'fits well', 'lbs and ordered', 'large and it fit', 'ordered a small', 'size large']",3.4 
5c6e5ffd40bf07349439cc86,RSLOVE,$2.49 - $14.99,2018/10/16,https://www.amazon.com/RSLOVE-Lingerie-Babydoll-Chemises-Sleepwear/dp/B07JHGQBW1/ref=zg_bs_1044968_71/144-8595119-8015611?_encoding=UTF8&refRID=YEHXZXVJ7W6CSZDS17AX,https://www.amazon.com/RSLOVE-Lingerie-Babydoll-Chemises-Sleepwear/product-reviews/B07JHGQBW1/ref=cm_cr_dp_d_show_all_btm?ie=UTF8&reviewerType=all_reviews,128 ,https://www.amazon.com/s/ref=w_bl_sl_s_ap_web_7141123011?ie=UTF8&node=7141123011&field-brandtextbin=RSLOVE,RSLOVE Women's Sexy V-Neck Teddy Lingerie One Piece Babydoll Lace Chemises Sleepwear,"https://images-na.ssl-images-amazon.com/images/I/91Lkqd6t%2B3L._AC_UL200_SR200,200_.jpg",71,,4.3 
5c6e600c40bf07349439cc87,Vorifun,$8.99 ,2018/1/10,https://www.amazon.com/Vorifun-Babydoll-Fishnet-Lingerie-Bodysuit/dp/B078XTYGP4/ref=zg_bs_1044968_72/144-8595119-8015611?_encoding=UTF8&refRID=YEHXZXVJ7W6CSZDS17AX,https://www.amazon.com/Vorifun-Babydoll-Fishnet-Lingerie-Bodysuit/product-reviews/B078XTYJTT/ref=cm_cr_dp_d_show_all_btm?ie=UTF8&reviewerType=all_reviews,23 ,https://www.amazon.com/s/ref=w_bl_sl_s_ap_web_7141123011?ie=UTF8&node=7141123011&field-brandtextbin=Vorifun,Vorifun Womens Babydoll Hollow Fishnet Lingerie Hot Mini Dress Tube Chemise Bodysuit,"https://images-na.ssl-images-amazon.com/images/I/71rmhw93ocL._AC_UL200_SR200,200_.jpg",72,,3.5 
5c6e601a40bf07349439cc88,Avidlove,$1.99 - $13.59,2018/10/23,https://www.amazon.com/Avidlove-Women-Polyester-Schoolgirl-Lingerie/dp/B07JN873MX/ref=zg_bs_1044968_73/144-8595119-8015611?_encoding=UTF8&refRID=YEHXZXVJ7W6CSZDS17AX,https://www.amazon.com/Avidlove-Women-Polyester-Schoolgirl-Lingerie/product-reviews/B07JN873MX/ref=cm_cr_dp_d_show_all_btm?ie=UTF8&reviewerType=all_reviews,455 ,https://www.amazon.com/Avidlove/b/ref=w_bl_sl_ap_ap_web_11371148011?ie=UTF8&node=11371148011&field-lbr_brands_browse-bin=Avidlove,Avidlove Women Role Play Mini Plaid Skirt Polyester Red Schoolgirl Lingerie,"https://images-na.ssl-images-amazon.com/images/I/81uJ%2B7B7hFL._AC_UL200_SR200,200_.jpg",73,,3.9 
5c6e602c40bf07349439cc89,ARANEE,$2.90 - $16.90,2018/9/1,https://www.amazon.com/ARANEE-Lingerie-Sleepwear-Chemise-Nightgown/dp/B07H1GVXF1/ref=zg_bs_1044968_74/144-8595119-8015611?_encoding=UTF8&refRID=YEHXZXVJ7W6CSZDS17AX,https://www.amazon.com/ARANEE-Lingerie-Sleepwear-Chemise-Nightgown/product-reviews/B07H1GVXF1/ref=cm_cr_dp_d_show_all_btm?ie=UTF8&reviewerType=all_reviews,79 ,https://www.amazon.com/ARANEE/b/ref=w_bl_sl_ap_ap_web_14596881011?ie=UTF8&node=14596881011&field-lbr_brands_browse-bin=ARANEE,ARANEE Women's Lingerie V Neck Floral Full Slip Sleepwear Chemise Soft Nightgown,"https://images-na.ssl-images-amazon.com/images/I/71aucyTpp5L._AC_UL200_SR200,200_.jpg",74,,4.3 
5c6e604040bf07349439cc8a,Ruzishun,$2.77 - $12.77,2015/5/28,https://www.amazon.com/Ruzishun-Babydoll-Transparent-Lingerie-Sleepwear/dp/B07BYTLXRQ/ref=zg_bs_1044968_75/144-8595119-8015611?_encoding=UTF8&refRID=YEHXZXVJ7W6CSZDS17AX,https://www.amazon.com/Ruzishun-Babydoll-Transparent-Lingerie-Sleepwear/product-reviews/B07BYTLXRQ/ref=cm_cr_dp_d_show_all_btm?ie=UTF8&reviewerType=all_reviews,349 ,https://www.amazon.com/Ruzishun/b/ref=w_bl_sl_ap_ap_web_11451060011?ie=UTF8&node=11451060011&field-lbr_brands_browse-bin=Ruzishun,Ruzishun Women Deep V-Neck Babydoll Halter Transparent Lace Sexy Lingerie Sleepwear,"https://images-na.ssl-images-amazon.com/images/I/81mjnqTIs4L._AC_UL200_SR200,200_.jpg",75,,4.0 
5c6e605040bf07349439cc8b,ADOME,$2.99 - $16.49,2018/3/16,https://www.amazon.com/ADOME-Lingerie-Bodysuit-Babydoll-Nightwear/dp/B07BHN89W1/ref=zg_bs_1044968_76/144-8595119-8015611?_encoding=UTF8&refRID=YEHXZXVJ7W6CSZDS17AX,https://www.amazon.com/ADOME-Lingerie-Bodysuit-Babydoll-Nightwear/product-reviews/B07BHN89W1/ref=cm_cr_dp_d_show_all_btm?ie=UTF8&reviewerType=all_reviews,55 ,https://www.amazon.com/s/ref=w_bl_sl_s_ap_web_7141123011?ie=UTF8&node=7141123011&field-brandtextbin=ADOME,ADOME Women Lingerie Bodysuit V Neck Teddy Lace Babydoll Satin Pajamas Nightwear,"https://images-na.ssl-images-amazon.com/images/I/71gTQlO5lDL._AC_UL200_SR200,200_.jpg",76,,4.2 
5c6e605340bf07349439cc8c,Avidlove,$4.99 - $17.99,2017/9/15,https://www.amazon.com/Avidlove-Lingerie-Babydoll-Bodysuit-Nightwear/dp/B075NVW4S2/ref=zg_bs_1044968_77/144-8595119-8015611?_encoding=UTF8&refRID=YEHXZXVJ7W6CSZDS17AX,https://www.amazon.com/Avidlove-Lingerie-Babydoll-Bodysuit-Nightwear/product-reviews/B075NVW4S2/ref=cm_cr_dp_d_show_all_btm?ie=UTF8&reviewerType=all_reviews,65 ,https://www.amazon.com/Avidlove/b/ref=w_bl_sl_ap_ap_web_11371148011?ie=UTF8&node=11371148011&field-lbr_brands_browse-bin=Avidlove,Avidlove Sexy Lingerie for Women Lace Teddy Babydoll Bodysuit Nightwear Outfit,"https://images-na.ssl-images-amazon.com/images/I/71ILW3Zmo-L._AC_UL200_SR200,200_.jpg",77,,4.1 
5c6e605d40bf07349439cc8d,TGD,$9.99 - $18.99,2018/5/31,https://www.amazon.com/TGD-Womens-Lingerie-Kimono-Nightgown/dp/B07DFR574R/ref=zg_bs_1044968_78/144-8595119-8015611?_encoding=UTF8&refRID=YEHXZXVJ7W6CSZDS17AX,https://www.amazon.com/TGD-Womens-Lingerie-Kimono-Nightgown/product-reviews/B07DFR574R/ref=cm_cr_dp_d_show_all_btm?ie=UTF8&reviewerType=all_reviews,42 ,https://www.amazon.com/TGD/b/ref=w_bl_sl_ap_ap_web_9267948011?ie=UTF8&node=9267948011&field-lbr_brands_browse-bin=TGD,TGD Womens Lingerie Lace Plus Size Kimono Robe Mesh Nightgown Dress Sets,"https://images-na.ssl-images-amazon.com/images/I/916beF17SiL._AC_UL200_SR200,200_.jpg",78,,4.2 
5c6e606440bf07349439cc8e,LALAVAVA,$9.99 - $15.99,2018/11/16,https://www.amazon.com/LALAVAVA-Lingerie-Women-Babydolls-Sleepwear/dp/B07KLZR9GY/ref=zg_bs_1044968_79/144-8595119-8015611?_encoding=UTF8&refRID=YEHXZXVJ7W6CSZDS17AX,https://www.amazon.com/LALAVAVA-Lingerie-Women-Babydolls-Sleepwear/product-reviews/B07KLZR9GY/ref=cm_cr_dp_d_show_all_btm?ie=UTF8&reviewerType=all_reviews,13 ,https://www.amazon.com/LALAVAVA/b/ref=w_bl_sl_ap_ap_web_18250799011?ie=UTF8&node=18250799011&field-lbr_brands_browse-bin=LALAVAVA,LALAVAVA Sexy Lingerie for Women Lace Mesh Babydolls V Neck Strap Back Sleepwear,"https://images-na.ssl-images-amazon.com/images/I/71Opfri4iPL._AC_UL200_SR200,200_.jpg",79,,4.9 
5c6e606740bf07349439cc8f,TGD,$6.99 - $13.99,2018/9/18,https://www.amazon.com/TGD-Lingerie-Babydoll-Women-Chemise/dp/B07HGLY3BJ/ref=zg_bs_1044968_80/144-8595119-8015611?_encoding=UTF8&refRID=YEHXZXVJ7W6CSZDS17AX,https://www.amazon.com/TGD-Lingerie-Babydoll-Women-Chemise/product-reviews/B07HGLY3BJ/ref=cm_cr_dp_d_show_all_btm?ie=UTF8&reviewerType=all_reviews,57 ,https://www.amazon.com/TGD/b/ref=w_bl_sl_ap_ap_web_9267948011?ie=UTF8&node=9267948011&field-lbr_brands_browse-bin=TGD,TGD Lingerie Plus Size Babydoll Set for Women V Neck Lace Chemise,"https://images-na.ssl-images-amazon.com/images/I/71rcDIA0HvL._AC_UL200_SR200,200_.jpg",80,,3.9 
5c6e607540bf07349439cc90,Aranmei,$6.99 - $15.99,2017/11/20,https://www.amazon.com/Aranmei-Floral-Bodysuit-Sleeve-Lingerie/dp/B077MGCDHV/ref=zg_bs_1044968_81/144-8595119-8015611?_encoding=UTF8&refRID=YEHXZXVJ7W6CSZDS17AX,https://www.amazon.com/Aranmei-Floral-Bodysuit-Sleeve-Lingerie/product-reviews/B077MGCDHV/ref=cm_cr_dp_d_show_all_btm?ie=UTF8&reviewerType=all_reviews,56 ,https://www.amazon.com/Aranmei/b/ref=w_bl_sl_ap_ap_web_18201372011?ie=UTF8&node=18201372011&field-lbr_brands_browse-bin=Aranmei,Aranmei Women Sexy Sheer Floral Lace Bodysuit Long Sleeve Teddy Lingerie,"https://images-na.ssl-images-amazon.com/images/I/71SnbuKjj2L._AC_UL200_SR200,200_.jpg",81,,4.1 
5c6e607f40bf07349439cc91,ADOME,$4.99 - $14.99,2017/9/12,https://www.amazon.com/ADOME-Lingerie-Christmas-Babydoll-Sleepwear/dp/B075LBFH1M/ref=zg_bs_1044968_82/144-8595119-8015611?_encoding=UTF8&refRID=YEHXZXVJ7W6CSZDS17AX,https://www.amazon.com/ADOME-Lingerie-Bodysuit-Backless-Babydoll/product-reviews/B075LBFH1M/ref=cm_cr_dp_d_show_all_btm?ie=UTF8&reviewerType=all_reviews,233 ,https://www.amazon.com/s/ref=w_bl_sl_s_ap_web_7141123011?ie=UTF8&node=7141123011&field-brandtextbin=ADOME,ADOME Women One Piece Lingerie Lace Teddy Bodysuit Backless Halter Babydoll,"https://images-na.ssl-images-amazon.com/images/I/81n%2BcLkVExL._AC_UL200_SR200,200_.jpg",82,,4.3 
5c6e609440bf07349439cc92,Avidlove,$1.99 - $16.55,2017/9/15,https://www.amazon.com/Avidlove-Sleepwear-Nightgown-Babydoll-Nightdress/dp/B075NXXQSS/ref=zg_bs_1044968_83/144-8595119-8015611?_encoding=UTF8&refRID=YEHXZXVJ7W6CSZDS17AX,https://www.amazon.com/Avidlove-Sleepwear-Nightgown-Babydoll-Nightdress/product-reviews/B075NXXQSS/ref=cm_cr_dp_d_show_all_btm?ie=UTF8&reviewerType=all_reviews,69 ,https://www.amazon.com/Avidlove/b/ref=w_bl_sl_ap_ap_web_11371148011?ie=UTF8&node=11371148011&field-lbr_brands_browse-bin=Avidlove,Avidlove Sexy Sleepwear Womens Chemise Nightgown Lace Babydoll Nightdress Sleep Cami Dress,"https://images-na.ssl-images-amazon.com/images/I/71gdy33fGLL._AC_UL200_SR200,200_.jpg",83,,4.4 
5c6e60ac40bf07349439cc93,Avidlove,$8.99 - $13.99,2017/5/19,https://www.amazon.com/Avidlove-Lingeries-Babydoll-Hollow-Outfits/dp/B0711VV7W1/ref=zg_bs_1044968_84/144-8595119-8015611?_encoding=UTF8&refRID=YEHXZXVJ7W6CSZDS17AX,https://www.amazon.com/Avidlove-Lingeries-Babydoll-Hollow-Outfits/product-reviews/B0711VV7W1/ref=cm_cr_dp_d_show_all_btm?ie=UTF8&reviewerType=all_reviews,144 ,https://www.amazon.com/Avidlove/b/ref=w_bl_sl_ap_ap_web_11371148011?ie=UTF8&node=11371148011&field-lbr_brands_browse-bin=Avidlove,Avidlove Women Sexy Lingeries One Piece Babydoll Hollow Out Deep V Neck Lace Outfits,"https://images-na.ssl-images-amazon.com/images/I/71pBk71Bi1L._AC_UL200_SR200,200_.jpg",84,"['little big', 'like the picture', 'true to size', 'looks like', 'fits like', 'ordered a small', 'fit perfectly', 'size fit', 'sexy', 'body', 'lace', 'straps', 'support', 'fabric', 'lingerie', 'loose', 'stretchy', 'chest', 'fantastic', 'flattering']",4.1 
5c6e60bc40bf07349439cc94,wearella,$3.99 - $17.98,2018/9/3,https://www.amazon.com/wearella-Lingerie-Strappy-Babydoll-Bodysuit/dp/B07H2CVSLC/ref=zg_bs_1044968_85/144-8595119-8015611?_encoding=UTF8&refRID=YEHXZXVJ7W6CSZDS17AX,https://www.amazon.com/wearella-Lingerie-Strappy-Babydoll-Bodysuit/product-reviews/B07H2CVSLC/ref=cm_cr_dp_d_show_all_btm?ie=UTF8&reviewerType=all_reviews,13 ,https://www.amazon.com/s/ref=w_bl_sl_s_ap_web_7141123011?ie=UTF8&node=7141123011&field-brandtextbin=wearella,wearella Women Sexy Lingerie Strappy Babydoll Bodysuit Bra Panty Set with Garter Belts,"https://images-na.ssl-images-amazon.com/images/I/719fFQ8byBL._AC_UL200_SR200,200_.jpg",85,,4.1 
5c6e60c840bf07349439cc95,Avidlove,$4.99 - $15.25,2017/2/16,https://www.amazon.com/Avidlove-Lingerie-Babydoll-Nightdress-Sleepwear/dp/B06X93NXR1/ref=zg_bs_1044968_86/144-8595119-8015611?_encoding=UTF8&refRID=YEHXZXVJ7W6CSZDS17AX,https://www.amazon.com/Avidlove-Lingerie-Babydoll-Nightdress-Sleepwear/product-reviews/B06X93NXR1/ref=cm_cr_dp_d_show_all_btm?ie=UTF8&reviewerType=all_reviews,113 ,https://www.amazon.com/Avidlove/b/ref=w_bl_sl_ap_ap_web_11371148011?ie=UTF8&node=11371148011&field-lbr_brands_browse-bin=Avidlove,Avidlove Women Sexy Lingerie Lace Babydoll Nightdress Mesh Chemise V Neck Sleepwear,"https://images-na.ssl-images-amazon.com/images/I/81HVIt0npIL._AC_UL200_SR200,200_.jpg",86,,4.3 
5c6e60cc40bf07349439cc96,Avidlove,$2.49 - $16.59,2016/10/17,https://www.amazon.com/Avidlove-Christmas-Lingerie-Babydolls-Chemises/dp/B01M6XY3JZ/ref=zg_bs_1044968_87/144-8595119-8015611?_encoding=UTF8&refRID=YEHXZXVJ7W6CSZDS17AX,https://www.amazon.com/Avidlove-Babydoll-Lingerie-Chemise-Nightwear/product-reviews/B01M6XY3JZ/ref=cm_cr_dp_d_show_all_btm?ie=UTF8&reviewerType=all_reviews,289 ,https://www.amazon.com/Avidlove/b/ref=w_bl_sl_ap_ap_web_11371148011?ie=UTF8&node=11371148011&field-lbr_brands_browse-bin=Avidlove,Avidlove Women Babydoll Lingerie Lace Chemise Halter Nightwear Teddy Dress,"https://images-na.ssl-images-amazon.com/images/I/812gNGQvi3L._AC_UL200_SR200,200_.jpg",87,,4.2 
5c6e60d840bf07349439cc97,,$13.49 - $22.99,2018/7/25,https://www.amazon.com/FeelinGirl-Womens-V-Neck-Stitching-XL-4XL/dp/B07FVTJ38S/ref=zg_bs_1044968_88/144-8595119-8015611?_encoding=UTF8&refRID=YEHXZXVJ7W6CSZDS17AX,https://www.amazon.com/FeelinGirl-Womens-V-Neck-Stitching-XL-4XL/product-reviews/B07FVTJ38S/ref=cm_cr_dp_d_show_all_btm?ie=UTF8&reviewerType=all_reviews,44 ,,FeelinGirl Women's V-Neck Stitching Lace Plus Size Dress XL-4XL,"https://images-na.ssl-images-amazon.com/images/I/51ZpWWT87UL._AC_UL200_SR200,200_.jpg",88,,4.4 
5c6e60e340bf07349439cc98,ADOREJOY,$10.99 - $12.99,2016/11/15,https://www.amazon.com/ADOREJOY-Womens-Seamless-Lingerie-Chemise/dp/B01MTNDW49/ref=zg_bs_1044968_89/144-8595119-8015611?_encoding=UTF8&refRID=YEHXZXVJ7W6CSZDS17AX,https://www.amazon.com/ADOREJOY-Womens-Seamless-Lingerie-Chemise/product-reviews/B01MTNDW49/ref=cm_cr_dp_d_show_all_btm?ie=UTF8&reviewerType=all_reviews,500 ,https://www.amazon.com/ADOREJOY/b/ref=w_bl_sl_ap_ap_web_14567596011?ie=UTF8&node=14567596011&field-lbr_brands_browse-bin=ADOREJOY,ADOREJOY Womens Seamless Mesh Lingerie Chemise,"https://images-na.ssl-images-amazon.com/images/I/71z-qgxD4nL._AC_UL200_SR200,200_.jpg",89,,4.1 
5c6e60ea40bf07349439cc99,N-pearl,$9.58 - $13.99,2018/8/13,https://www.amazon.com/N-pearl-Women-Plus-Size-Lingerie/dp/B07GDBLBZV/ref=zg_bs_1044968_90/144-8595119-8015611?_encoding=UTF8&refRID=YEHXZXVJ7W6CSZDS17AX,https://www.amazon.com/N-pearl-Women-Plus-Size-Lingerie/product-reviews/B07GDBLBZV/ref=cm_cr_dp_d_show_all_btm?ie=UTF8&reviewerType=all_reviews,33 ,https://www.amazon.com/s/ref=w_bl_sl_s_ap_web_7141123011?ie=UTF8&node=7141123011&field-brandtextbin=N-pearl,"N-pearl Women Plus Size Sexy Lingerie - See Through Floral Lace Teddy Bodysuit with G-String, L-4XL","https://images-na.ssl-images-amazon.com/images/I/71TFGtikMxL._AC_UL200_SR200,200_.jpg",90,,3.2 
5c6e60fd40bf07349439cc9a,ADOREJOY,$9.99 - $14.99,2018/3/20,https://www.amazon.com/ADOREJOY-Lingrie-Sleepwear-Babydoll-Chemise/dp/B07BKZ7X51/ref=zg_bs_1044968_91/144-8595119-8015611?_encoding=UTF8&refRID=YEHXZXVJ7W6CSZDS17AX,https://www.amazon.com/Lingerie-Women-Sleepwear-Babydoll-Chemise/product-reviews/B07BKZ7X51/ref=cm_cr_dp_d_show_all_btm?ie=UTF8&reviewerType=all_reviews,32 ,https://www.amazon.com/ADOREJOY/b/ref=w_bl_sl_ap_ap_web_14567596011?ie=UTF8&node=14567596011&field-lbr_brands_browse-bin=ADOREJOY,Plus Size Lingerie for Women Sleepwear Lace Babydoll Strap Chemise S-5XL,"https://images-na.ssl-images-amazon.com/images/I/61q7KLJFs5L._AC_UL200_SR200,200_.jpg",91,,3.8 
5c6e610740bf07349439cc9b,JuicyRose,$11.88 ,2018/12/12,https://www.amazon.com/JuicyRose-Unwrap-Babydoll-Lingerie-Sleepwear/dp/B07LB62BGF/ref=zg_bs_1044968_92/144-8595119-8015611?_encoding=UTF8&refRID=YEHXZXVJ7W6CSZDS17AX,https://www.amazon.com/JuicyRose-Unwrap-Babydoll-Lingerie-Sleepwear/product-reviews/B07LB62BGF/ref=cm_cr_dp_d_show_all_btm?ie=UTF8&reviewerType=all_reviews,152 ,https://www.amazon.com/JuicyRose/b/ref=w_bl_sl_ap_ap_web_15060241011?ie=UTF8&node=15060241011&field-lbr_brands_browse-bin=JuicyRose,JuicyRose Unwrap Me Babydoll Red Bow Lingerie Set Sleepwear,"https://images-na.ssl-images-amazon.com/images/I/61mO0iiaaiL._AC_UL200_SR200,200_.jpg",92,"['boyfriend loved', 'valentines day', 'good quality', 'pleasantly surprised', 'true to size', 'super cute', 'fit perfect', 'bit small', 'bow tied', 'fits well', 'husband loved', 'wear a size', 'ribbon', 'boobs', 'tie', 'cup', 'girls', 'lingerie', 'support', 'bottoms']",4.2 
5c6e611640bf07349439cc9c,klier,$13.99 - $15.99,2018/10/18,https://www.amazon.com/klier-Lingerie-Bralette-Babydoll-Bodysuit/dp/B07JH12GXR/ref=zg_bs_1044968_93/144-8595119-8015611?_encoding=UTF8&refRID=YEHXZXVJ7W6CSZDS17AX,https://www.amazon.com/klier-Lingerie-Bralette-Babydoll-Bodysuit/product-reviews/B07JH12GXR/ref=cm_cr_dp_d_show_all_btm?ie=UTF8&reviewerType=all_reviews,59 ,https://www.amazon.com/klier/b/ref=w_bl_sl_ap_ap_web_18411833011?ie=UTF8&node=18411833011&field-lbr_brands_browse-bin=klier,klier Women's Lingerie Lace Bra Bralette and Panty Set Deep V 2 Piece Babydoll Bodysuit,"https://images-na.ssl-images-amazon.com/images/I/815RtxJP7BL._AC_UL200_SR200,200_.jpg",93,,4.1 
5c6e612240bf07349439cc9d,LingerLove,$6.99 - $17.99,2018/4/26,https://www.amazon.com/LingerLove-Women-Regular-Nightgown-Lingerie/dp/B07CPKJQFB/ref=zg_bs_1044968_94/144-8595119-8015611?_encoding=UTF8&refRID=YEHXZXVJ7W6CSZDS17AX,https://www.amazon.com/LingerLove-Women-Regular-Nightgown-Lingerie/product-reviews/B07CPKJQFB/ref=cm_cr_dp_d_show_all_btm?ie=UTF8&reviewerType=all_reviews,59 ,https://www.amazon.com/s/ref=w_bl_sl_s_ap_web_7141123011?ie=UTF8&node=7141123011&field-brandtextbin=LingerLove,LingerLove Women Regular and Plus Size Nightgown Sexy Lace Deep V Mesh Lingerie Split Party Long Dress,"https://images-na.ssl-images-amazon.com/images/I/618dGBKrNyL._AC_UL200_SR200,200_.jpg",94,,3.9 
5c6e612f40bf07349439cc9e,RSLOVE,$2.99 - $16.99,2018/5/10,https://www.amazon.com/RSLOVE-Lingerie-Sleepwear-Chemises-Nightgown/dp/B07CZCYHTH/ref=zg_bs_1044968_95/144-8595119-8015611?_encoding=UTF8&refRID=YEHXZXVJ7W6CSZDS17AX,https://www.amazon.com/RSLOVE-Lingerie-Sleepwear-Chemises-Nightgown/product-reviews/B07CZCYHTH/ref=cm_cr_dp_d_show_all_btm?ie=UTF8&reviewerType=all_reviews,75 ,https://www.amazon.com/s/ref=w_bl_sl_s_ap_web_7141123011?ie=UTF8&node=7141123011&field-brandtextbin=RSLOVE,RSLOVE Women Lace Lingerie Sleepwear Chemises V-Neck Full Slip Babydoll Nightgown Dress,"https://images-na.ssl-images-amazon.com/images/I/71IybJsfREL._AC_UL200_SR200,200_.jpg",95,,4.7 
5c6e613e40bf07349439cc9f,Avidlove,$1.20 - $13.49,2016/9/19,https://www.amazon.com/Avidlove-Lingerie-Babydoll-Piece-Panty/dp/B01M1GHTKZ/ref=zg_bs_1044968_96/144-8595119-8015611?_encoding=UTF8&refRID=YEHXZXVJ7W6CSZDS17AX,https://www.amazon.com/Avidlove-Lingerie-Babydoll-Piece-Panty/product-reviews/B01M1GHTKZ/ref=cm_cr_dp_d_show_all_btm?ie=UTF8&reviewerType=all_reviews,176 ,https://www.amazon.com/Avidlove/b/ref=w_bl_sl_ap_ap_web_11371148011?ie=UTF8&node=11371148011&field-lbr_brands_browse-bin=Avidlove,Avidlove Lingerie Lace Babydoll 2 Piece Sexy Bra and Panty Sets,"https://images-na.ssl-images-amazon.com/images/I/81SR8JsDWvL._AC_UL200_SR200,200_.jpg",96,,4.3 
5c6e614e40bf07349439cca0,ARANEE,$2.90 - $18.90,2018/9/16,https://www.amazon.com/ARANEE-Lingerie-Sleepwear-Pajama-Camisole/dp/B07HF4VL73/ref=zg_bs_1044968_97/144-8595119-8015611?_encoding=UTF8&refRID=YEHXZXVJ7W6CSZDS17AX,https://www.amazon.com/ARANEE-Lingerie-Sleepwear-Pajama-Camisole/product-reviews/B07HF4VL73/ref=cm_cr_dp_d_show_all_btm?ie=UTF8&reviewerType=all_reviews,38 ,https://www.amazon.com/ARANEE/b/ref=w_bl_sl_ap_ap_web_14596881011?ie=UTF8&node=14596881011&field-lbr_brands_browse-bin=ARANEE,ARANEE Women Lingerie Lace Sleepwear Sexy Pajama Camisole Short Sets,"https://images-na.ssl-images-amazon.com/images/I/71qtf-WItXL._AC_UL200_SR200,200_.jpg",97,,4.7 
5c6e615c40bf07349439cca1,Avidlove,$1.59 - $16.59,2017/11/6,https://www.amazon.com/Avidlove-Panty-Lingerie-Babydoll-Outfits/dp/B0776RJC5D/ref=zg_bs_1044968_98/144-8595119-8015611?_encoding=UTF8&refRID=YEHXZXVJ7W6CSZDS17AX,https://www.amazon.com/Avidlove-Lingerie-Strappy-Babydoll-Bodysuit/product-reviews/B0776RJC5D/ref=cm_cr_dp_d_show_all_btm?ie=UTF8&reviewerType=all_reviews,46 ,https://www.amazon.com/Avidlove/b/ref=w_bl_sl_ap_ap_web_11371148011?ie=UTF8&node=11371148011&field-lbr_brands_browse-bin=Avidlove,Avidlove Sexy Bra and Panty Set Lace Lingerie Strappy Babydoll Bodysuit 2 Piece Outfits,"https://images-na.ssl-images-amazon.com/images/I/813odYbJmPL._AC_UL200_SR200,200_.jpg",98,,4.2 
5c6e616040bf07349439cca2,AdoreShe,$3.99 - $15.99,2018/8/22,https://www.amazon.com/AdoreShe-Lingerie-Bodysuit-Babydoll-Sleepwear/dp/B07GQZ2S9S/ref=zg_bs_1044968_99/144-8595119-8015611?_encoding=UTF8&refRID=YEHXZXVJ7W6CSZDS17AX,https://www.amazon.com/AdoreShe-Lingerie-Bodysuit-Babydoll-Sleepwear/product-reviews/B07GQZ2S9S/ref=cm_cr_dp_d_show_all_btm?ie=UTF8&reviewerType=all_reviews,51 ,https://www.amazon.com/s/ref=w_bl_sl_s_ap_web_7141123011?ie=UTF8&node=7141123011&field-brandtextbin=AdoreShe,AdoreShe Womens Long Sleeve Lingerie Sexy Bodysuit V-Neck Teddy Babydoll Sleepwear,"https://images-na.ssl-images-amazon.com/images/I/61mT3LA5quL._AC_UL200_SR200,200_.jpg",99,,3.6 
5c6e617340bf07349439cca3,,$10.99 - $17.99,2017/9/28,https://www.amazon.com/FeelinGirl-Women-Sleepwear-Outfits-XL-4XL/dp/B075ZS2NB1/ref=zg_bs_1044968_100/144-8595119-8015611?_encoding=UTF8&refRID=YEHXZXVJ7W6CSZDS17AX,https://www.amazon.com/FeelinGirl-Women-Sleepwear-Outfits-XL-4XL/product-reviews/B075ZS2NB1/ref=cm_cr_dp_d_show_all_btm?ie=UTF8&reviewerType=all_reviews,126 ,,FeelinGirl Women Plus Size Sleepwear Outfits XL-4XL,"https://images-na.ssl-images-amazon.com/images/I/6119tGN2CoL._AC_UL200_SR200,200_.jpg",100,,4.1 
